{
  "type": "FeatureCollection",
  "generated_at": "2026-08-31T15:17:31.462Z",
  "features": [
    {
      "type": "Feature",
      "geometry": {
        "type": "Point",
        "coordinates": [
          -79.396143,
          43.639707
        ]
      },
      "properties": {
        "station_id": "7000",
        "name": "Fort York  Blvd / Capreol Ct",
        "capacity": 47,
        "bikes_available": 1,
        "docks_available": 44,
        "fullness": 0.0213
      }
    },
    {
      "type": "Feature",
      "geometry": {
        "type": "Point",
        "coordinates": [
          -79.38355,
          43.664964
        ]
      },
      "properties": {
        "station_id": "7001",
        "name": "Wellesley Station Green P",
        "capacity": 23,
        "bikes_available": 5,
        "docks_available": 0,
        "fullness": 0.2174
      }
    },
    {
      "type": "Feature",
      "geometry": {
        "type": "Point",
        "coordinates": [
          -79.399555,
          43.667131
        ]
      },
      "properties": {
        "station_id": "7002",
        "name": "St. George St / Bloor St W",
        "capacity": 19,
        "bikes_available": 3,
        "docks_available": 16,
        "fullness": 0.1579
      }
    },
    {
      "type": "Feature",
      "geometry": {
        "type": "Point",
        "coordinates": [
          -79.402796,
          43.667018
        ]
      },
      "properties": {
        "station_id": "7003",
        "name": "Madison Ave / Bloor St W",
        "capacity": 15,
        "bikes_available": 3,
        "docks_available": 11,
        "fullness": 0.2
      }
    },
    {
      "type": "Feature",
      "geometry": {
        "type": "Point",
        "coordinates": [
          -79.383177,
          43.648001
        ]
      },
      "properties": {
        "station_id": "7005",
        "name": "King St W / York St",
        "capacity": 23,
        "bikes_available": 12,
        "docks_available": 11,
        "fullness": 0.5217
      }
    },
    {
      "type": "Feature",
      "geometry": {
        "type": "Point",
        "coordinates": [
          -79.385525,
          43.660439
        ]
      },
      "properties": {
        "station_id": "7006",
        "name": "Bay St / College St (East Side)",
        "capacity": 31,
        "bikes_available": 17,
        "docks_available": 14,
        "fullness": 0.5484
      }
    },
    {
      "type": "Feature",
      "geometry": {
        "type": "Point",
        "coordinates": [
          -79.398167,
          43.658148
        ]
      },
      "properties": {
        "station_id": "7007",
        "name": "College St / Huron St",
        "capacity": 19,
        "bikes_available": 2,
        "docks_available": 17,
        "fullness": 0.1053
      }
    },
    {
      "type": "Feature",
      "geometry": {
        "type": "Point",
        "coordinates": [
          -79.392125,
          43.663376
        ]
      },
      "properties": {
        "station_id": "7008",
        "name": "Wellesley St W / Queen's Park Cres",
        "capacity": 19,
        "bikes_available": 7,
        "docks_available": 12,
        "fullness": 0.3684
      }
    },
    {
      "type": "Feature",
      "geometry": {
        "type": "Point",
        "coordinates": [
          -79.395104,
          43.645142
        ]
      },
      "properties": {
        "station_id": "7010",
        "name": "King St W / Spadina Ave",
        "capacity": 19,
        "bikes_available": 7,
        "docks_available": 11,
        "fullness": 0.3684
      }
    },
    {
      "type": "Feature",
      "geometry": {
        "type": "Point",
        "coordinates": [
          -79.375309,
          43.646597
        ]
      },
      "properties": {
        "station_id": "7013",
        "name": "Scott St / The Esplanade",
        "capacity": 19,
        "bikes_available": 7,
        "docks_available": 12,
        "fullness": 0.3684
      }
    },
    {
      "type": "Feature",
      "geometry": {
        "type": "Point",
        "coordinates": [
          -79.373181,
          43.663102
        ]
      },
      "properties": {
        "station_id": "7014",
        "name": "Sherbourne St / Carlton St (Allan Gardens)",
        "capacity": 17,
        "bikes_available": 2,
        "docks_available": 13,
        "fullness": 0.1176
      }
    },
    {
      "type": "Feature",
      "geometry": {
        "type": "Point",
        "coordinates": [
          -79.380576,
          43.64852
        ]
      },
      "properties": {
        "station_id": "7015",
        "name": "King St W / Bay St (West Side)",
        "capacity": 39,
        "bikes_available": 1,
        "docks_available": 38,
        "fullness": 0.0256
      }
    },
    {
      "type": "Feature",
      "geometry": {
        "type": "Point",
        "coordinates": [
          -79.376785,
          43.640978
        ]
      },
      "properties": {
        "station_id": "7016",
        "name": "Bay St / Queens Quay W (Ferry Terminal)",
        "capacity": 35,
        "bikes_available": 27,
        "docks_available": 8,
        "fullness": 0.7714
      }
    },
    {
      "type": "Feature",
      "geometry": {
        "type": "Point",
        "coordinates": [
          -79.391552,
          43.647548
        ]
      },
      "properties": {
        "station_id": "7017",
        "name": "Widmer St / Adelaide St W",
        "capacity": 11,
        "bikes_available": 7,
        "docks_available": 4,
        "fullness": 0.6364
      }
    },
    {
      "type": "Feature",
      "geometry": {
        "type": "Point",
        "coordinates": [
          -79.386741,
          43.641529
        ]
      },
      "properties": {
        "station_id": "7018",
        "name": "Bremner Blvd / Rees St",
        "capacity": 49,
        "bikes_available": 18,
        "docks_available": 31,
        "fullness": 0.3673
      }
    },
    {
      "type": "Feature",
      "geometry": {
        "type": "Point",
        "coordinates": [
          -79.379498,
          43.650945
        ]
      },
      "properties": {
        "station_id": "7019",
        "name": "Temperance St Station",
        "capacity": 55,
        "bikes_available": 12,
        "docks_available": 42,
        "fullness": 0.2182
      }
    },
    {
      "type": "Feature",
      "geometry": {
        "type": "Point",
        "coordinates": [
          -79.396555,
          43.650033
        ]
      },
      "properties": {
        "station_id": "7020",
        "name": "Phoebe St / Spadina Ave",
        "capacity": 33,
        "bikes_available": 18,
        "docks_available": 15,
        "fullness": 0.5455
      }
    },
    {
      "type": "Feature",
      "geometry": {
        "type": "Point",
        "coordinates": [
          -79.382458,
          43.653264
        ]
      },
      "properties": {
        "station_id": "7021",
        "name": "Bay St / Albert St",
        "capacity": 63,
        "bikes_available": 10,
        "docks_available": 53,
        "fullness": 0.1587
      }
    },
    {
      "type": "Feature",
      "geometry": {
        "type": "Point",
        "coordinates": [
          -79.4056,
          43.6571
        ]
      },
      "properties": {
        "station_id": "7023",
        "name": "College St / Borden St",
        "capacity": 11,
        "bikes_available": 3,
        "docks_available": 7,
        "fullness": 0.2727
      }
    },
    {
      "type": "Feature",
      "geometry": {
        "type": "Point",
        "coordinates": [
          -79.38148,
          43.66663
        ]
      },
      "properties": {
        "station_id": "7024",
        "name": "Dundonald St / Church St",
        "capacity": 39,
        "bikes_available": 15,
        "docks_available": 24,
        "fullness": 0.3846
      }
    },
    {
      "type": "Feature",
      "geometry": {
        "type": "Point",
        "coordinates": [
          -79.380471,
          43.671293
        ]
      },
      "properties": {
        "station_id": "7025",
        "name": "Ted Rogers Way / Bloor St E",
        "capacity": 27,
        "bikes_available": 11,
        "docks_available": 16,
        "fullness": 0.4074
      }
    },
    {
      "type": "Feature",
      "geometry": {
        "type": "Point",
        "coordinates": [
          -79.387499,
          43.665527
        ]
      },
      "properties": {
        "station_id": "7026",
        "name": "Bay St / St. Joseph St",
        "capacity": 15,
        "bikes_available": 7,
        "docks_available": 6,
        "fullness": 0.4667
      }
    },
    {
      "type": "Feature",
      "geometry": {
        "type": "Point",
        "coordinates": [
          -79.393388,
          43.652823
        ]
      },
      "properties": {
        "station_id": "7027",
        "name": "Beverley St / Dundas St W",
        "capacity": 31,
        "bikes_available": 15,
        "docks_available": 16,
        "fullness": 0.4839
      }
    },
    {
      "type": "Feature",
      "geometry": {
        "type": "Point",
        "coordinates": [
          -79.3768,
          43.6582
        ]
      },
      "properties": {
        "station_id": "7028",
        "name": "Gould St / Mutual St",
        "capacity": 31,
        "bikes_available": 23,
        "docks_available": 8,
        "fullness": 0.7419
      }
    },
    {
      "type": "Feature",
      "geometry": {
        "type": "Point",
        "coordinates": [
          -79.38915,
          43.66943
        ]
      },
      "properties": {
        "station_id": "7029",
        "name": "Bay St / Bloor St W (East Side)",
        "capacity": 15,
        "bikes_available": 5,
        "docks_available": 8,
        "fullness": 0.3333
      }
    },
    {
      "type": "Feature",
      "geometry": {
        "type": "Point",
        "coordinates": [
          -79.387095,
          43.664088
        ]
      },
      "properties": {
        "station_id": "7030",
        "name": "Bay St / Wellesley St W",
        "capacity": 35,
        "bikes_available": 6,
        "docks_available": 26,
        "fullness": 0.1714
      }
    },
    {
      "type": "Feature",
      "geometry": {
        "type": "Point",
        "coordinates": [
          -79.379385,
          43.668991
        ]
      },
      "properties": {
        "station_id": "7031",
        "name": "Jarvis St / Isabella St",
        "capacity": 39,
        "bikes_available": 6,
        "docks_available": 33,
        "fullness": 0.1538
      }
    },
    {
      "type": "Feature",
      "geometry": {
        "type": "Point",
        "coordinates": [
          -79.401456,
          43.652473
        ]
      },
      "properties": {
        "station_id": "7032",
        "name": "Augusta Ave / Dundas St W",
        "capacity": 15,
        "bikes_available": 10,
        "docks_available": 5,
        "fullness": 0.6667
      }
    },
    {
      "type": "Feature",
      "geometry": {
        "type": "Point",
        "coordinates": [
          -79.380386,
          43.645609
        ]
      },
      "properties": {
        "station_id": "7033",
        "name": "Union Station",
        "capacity": 43,
        "bikes_available": 18,
        "docks_available": 25,
        "fullness": 0.4186
      }
    },
    {
      "type": "Feature",
      "geometry": {
        "type": "Point",
        "coordinates": [
          -79.382919,
          43.671389
        ]
      },
      "properties": {
        "station_id": "7034",
        "name": "Church St / Bloor St E",
        "capacity": 15,
        "bikes_available": 14,
        "docks_available": 1,
        "fullness": 0.9333
      }
    },
    {
      "type": "Feature",
      "geometry": {
        "type": "Point",
        "coordinates": [
          -79.419576,
          43.643975
        ]
      },
      "properties": {
        "station_id": "7035",
        "name": "Queen St W / Ossington Ave",
        "capacity": 43,
        "bikes_available": 26,
        "docks_available": 16,
        "fullness": 0.6047
      }
    },
    {
      "type": "Feature",
      "geometry": {
        "type": "Point",
        "coordinates": [
          -79.36023,
          43.651318
        ]
      },
      "properties": {
        "station_id": "7036",
        "name": "Trinity St /Front St E",
        "capacity": 19,
        "bikes_available": 15,
        "docks_available": 4,
        "fullness": 0.7895
      }
    },
    {
      "type": "Feature",
      "geometry": {
        "type": "Point",
        "coordinates": [
          -79.405569,
          43.652208
        ]
      },
      "properties": {
        "station_id": "7037",
        "name": "Bathurst St / Dundas St W",
        "capacity": 41,
        "bikes_available": 13,
        "docks_available": 27,
        "fullness": 0.3171
      }
    },
    {
      "type": "Feature",
      "geometry": {
        "type": "Point",
        "coordinates": [
          -79.381484,
          43.656094
        ]
      },
      "properties": {
        "station_id": "7038",
        "name": "Dundas St W / Yonge St",
        "capacity": 31,
        "bikes_available": 26,
        "docks_available": 5,
        "fullness": 0.8387
      }
    },
    {
      "type": "Feature",
      "geometry": {
        "type": "Point",
        "coordinates": [
          -79.388254,
          43.652327
        ]
      },
      "properties": {
        "station_id": "7039",
        "name": "Simcoe St / Michael Sweet Ave",
        "capacity": 19,
        "bikes_available": 9,
        "docks_available": 10,
        "fullness": 0.4737
      }
    },
    {
      "type": "Feature",
      "geometry": {
        "type": "Point",
        "coordinates": [
          -79.414783,
          43.664467
        ]
      },
      "properties": {
        "station_id": "7040",
        "name": "Euclid Ave / Bloor St W",
        "capacity": 19,
        "bikes_available": 1,
        "docks_available": 16,
        "fullness": 0.0526
      }
    },
    {
      "type": "Feature",
      "geometry": {
        "type": "Point",
        "coordinates": [
          -79.382736,
          43.656729
        ]
      },
      "properties": {
        "station_id": "7041",
        "name": "Edward St / Yonge St",
        "capacity": 23,
        "bikes_available": 6,
        "docks_available": 16,
        "fullness": 0.2609
      }
    },
    {
      "type": "Feature",
      "geometry": {
        "type": "Point",
        "coordinates": [
          -79.374,
          43.6673
        ]
      },
      "properties": {
        "station_id": "7042",
        "name": "Sherbourne St / Wellesley St E",
        "capacity": 31,
        "bikes_available": 12,
        "docks_available": 17,
        "fullness": 0.3871
      }
    },
    {
      "type": "Feature",
      "geometry": {
        "type": "Point",
        "coordinates": [
          -79.383717,
          43.63951
        ]
      },
      "properties": {
        "station_id": "7043",
        "name": "Queens Quay W / Lower Simcoe St",
        "capacity": 19,
        "bikes_available": 13,
        "docks_available": 5,
        "fullness": 0.6842
      }
    },
    {
      "type": "Feature",
      "geometry": {
        "type": "Point",
        "coordinates": [
          -79.380288,
          43.663722
        ]
      },
      "properties": {
        "station_id": "7044",
        "name": "Church St / Alexander St",
        "capacity": 35,
        "bikes_available": 11,
        "docks_available": 24,
        "fullness": 0.3143
      }
    },
    {
      "type": "Feature",
      "geometry": {
        "type": "Point",
        "coordinates": [
          -79.376716,
          43.653236
        ]
      },
      "properties": {
        "station_id": "7045",
        "name": "Bond St / Queen St E",
        "capacity": 37,
        "bikes_available": 5,
        "docks_available": 32,
        "fullness": 0.1351
      }
    },
    {
      "type": "Feature",
      "geometry": {
        "type": "Point",
        "coordinates": [
          -79.409597,
          43.64534
        ]
      },
      "properties": {
        "station_id": "7046",
        "name": "Niagara St / Richmond St W",
        "capacity": 42,
        "bikes_available": 23,
        "docks_available": 18,
        "fullness": 0.5476
      }
    },
    {
      "type": "Feature",
      "geometry": {
        "type": "Point",
        "coordinates": [
          -79.389165,
          43.657763
        ]
      },
      "properties": {
        "station_id": "7047",
        "name": "University Ave / Gerrard St W (East Side)",
        "capacity": 25,
        "bikes_available": 4,
        "docks_available": 20,
        "fullness": 0.16
      }
    },
    {
      "type": "Feature",
      "geometry": {
        "type": "Point",
        "coordinates": [
          -79.377465,
          43.646323
        ]
      },
      "properties": {
        "station_id": "7048",
        "name": "Front St W / Yonge St (Hockey Hall of Fame)",
        "capacity": 47,
        "bikes_available": 34,
        "docks_available": 12,
        "fullness": 0.7234
      }
    },
    {
      "type": "Feature",
      "geometry": {
        "type": "Point",
        "coordinates": [
          -79.4015,
          43.6476
        ]
      },
      "properties": {
        "station_id": "7049",
        "name": "Portland St / Queen St W",
        "capacity": 15,
        "bikes_available": 5,
        "docks_available": 8,
        "fullness": 0.3333
      }
    },
    {
      "type": "Feature",
      "geometry": {
        "type": "Point",
        "coordinates": [
          -79.374222,
          43.652634
        ]
      },
      "properties": {
        "station_id": "7050",
        "name": "Richmond St E / Jarvis St Green P",
        "capacity": 16,
        "bikes_available": 14,
        "docks_available": 0,
        "fullness": 0.875
      }
    },
    {
      "type": "Feature",
      "geometry": {
        "type": "Point",
        "coordinates": [
          -79.379878,
          43.647259
        ]
      },
      "properties": {
        "station_id": "7052",
        "name": "Wellington St W / Bay St",
        "capacity": 55,
        "bikes_available": 32,
        "docks_available": 23,
        "fullness": 0.5818
      }
    },
    {
      "type": "Feature",
      "geometry": {
        "type": "Point",
        "coordinates": [
          -79.388366,
          43.645727
        ]
      },
      "properties": {
        "station_id": "7053",
        "name": "Metro Hall Plaza",
        "capacity": 27,
        "bikes_available": 26,
        "docks_available": 1,
        "fullness": 0.963
      }
    },
    {
      "type": "Feature",
      "geometry": {
        "type": "Point",
        "coordinates": [
          -79.391051,
          43.640722
        ]
      },
      "properties": {
        "station_id": "7054",
        "name": "Navy Wharf Crt / Bremner Blvd",
        "capacity": 11,
        "bikes_available": 1,
        "docks_available": 10,
        "fullness": 0.0909
      }
    },
    {
      "type": "Feature",
      "geometry": {
        "type": "Point",
        "coordinates": [
          -79.37617,
          43.66207
        ]
      },
      "properties": {
        "station_id": "7055",
        "name": "Jarvis St / Carlton St",
        "capacity": 15,
        "bikes_available": 2,
        "docks_available": 10,
        "fullness": 0.1333
      }
    },
    {
      "type": "Feature",
      "geometry": {
        "type": "Point",
        "coordinates": [
          -79.385365,
          43.645857
        ]
      },
      "properties": {
        "station_id": "7057",
        "name": "Simcoe St / Wellington St W South",
        "capacity": 27,
        "bikes_available": 18,
        "docks_available": 9,
        "fullness": 0.6667
      }
    },
    {
      "type": "Feature",
      "geometry": {
        "type": "Point",
        "coordinates": [
          -79.400053,
          43.6637
        ]
      },
      "properties": {
        "station_id": "7058",
        "name": "Huron St / Harbord St",
        "capacity": 39,
        "bikes_available": 24,
        "docks_available": 15,
        "fullness": 0.6154
      }
    },
    {
      "type": "Feature",
      "geometry": {
        "type": "Point",
        "coordinates": [
          -79.390477,
          43.643473
        ]
      },
      "properties": {
        "station_id": "7059",
        "name": "Front St W / Blue Jays Way",
        "capacity": 15,
        "bikes_available": 11,
        "docks_available": 3,
        "fullness": 0.7333
      }
    },
    {
      "type": "Feature",
      "geometry": {
        "type": "Point",
        "coordinates": [
          -79.406643,
          43.666294
        ]
      },
      "properties": {
        "station_id": "7061",
        "name": "Dalton Rd / Bloor St W",
        "capacity": 15,
        "bikes_available": 0,
        "docks_available": 14,
        "fullness": 0
      }
    },
    {
      "type": "Feature",
      "geometry": {
        "type": "Point",
        "coordinates": [
          -79.393899,
          43.668456
        ]
      },
      "properties": {
        "station_id": "7063",
        "name": "Queen's Park / Bloor St W",
        "capacity": 23,
        "bikes_available": 5,
        "docks_available": 18,
        "fullness": 0.2174
      }
    },
    {
      "type": "Feature",
      "geometry": {
        "type": "Point",
        "coordinates": [
          -79.362841,
          43.652169
        ]
      },
      "properties": {
        "station_id": "7064",
        "name": "51 Parliament St",
        "capacity": 19,
        "bikes_available": 15,
        "docks_available": 4,
        "fullness": 0.7895
      }
    },
    {
      "type": "Feature",
      "geometry": {
        "type": "Point",
        "coordinates": [
          -79.365769,
          43.659575
        ]
      },
      "properties": {
        "station_id": "7065",
        "name": "Dundas St E / Parliament St",
        "capacity": 15,
        "bikes_available": 2,
        "docks_available": 13,
        "fullness": 0.1333
      }
    },
    {
      "type": "Feature",
      "geometry": {
        "type": "Point",
        "coordinates": [
          -79.397735,
          43.662085
        ]
      },
      "properties": {
        "station_id": "7066",
        "name": "Willcocks St / St. George St",
        "capacity": 15,
        "bikes_available": 5,
        "docks_available": 10,
        "fullness": 0.3333
      }
    },
    {
      "type": "Feature",
      "geometry": {
        "type": "Point",
        "coordinates": [
          -79.375413,
          43.643795
        ]
      },
      "properties": {
        "station_id": "7067",
        "name": "Yonge St / Lake Shore Blvd E",
        "capacity": 27,
        "bikes_available": 14,
        "docks_available": 12,
        "fullness": 0.5185
      }
    },
    {
      "type": "Feature",
      "geometry": {
        "type": "Point",
        "coordinates": [
          -79.395504,
          43.649147
        ]
      },
      "properties": {
        "station_id": "7069",
        "name": "Queen St W / Spadina Ave",
        "capacity": 11,
        "bikes_available": 7,
        "docks_available": 3,
        "fullness": 0.6364
      }
    },
    {
      "type": "Feature",
      "geometry": {
        "type": "Point",
        "coordinates": [
          -79.380414,
          43.643667
        ]
      },
      "properties": {
        "station_id": "7070",
        "name": "25 York St – Union Station South",
        "capacity": 11,
        "bikes_available": 10,
        "docks_available": 1,
        "fullness": 0.9091
      }
    },
    {
      "type": "Feature",
      "geometry": {
        "type": "Point",
        "coordinates": [
          -79.373327,
          43.666233
        ]
      },
      "properties": {
        "station_id": "7071",
        "name": "161 Bleecker St (South of Wellesley)",
        "capacity": 23,
        "bikes_available": 2,
        "docks_available": 19,
        "fullness": 0.087
      }
    },
    {
      "type": "Feature",
      "geometry": {
        "type": "Point",
        "coordinates": [
          -79.393249,
          43.640114
        ]
      },
      "properties": {
        "station_id": "7073",
        "name": "Spadina Ave / Fort York Blvd",
        "capacity": 23,
        "bikes_available": 20,
        "docks_available": 3,
        "fullness": 0.8696
      }
    },
    {
      "type": "Feature",
      "geometry": {
        "type": "Point",
        "coordinates": [
          -79.373351,
          43.650204
        ]
      },
      "properties": {
        "station_id": "7074",
        "name": "King St E / Church St",
        "capacity": 55,
        "bikes_available": 47,
        "docks_available": 7,
        "fullness": 0.8545
      }
    },
    {
      "type": "Feature",
      "geometry": {
        "type": "Point",
        "coordinates": [
          -79.395854,
          43.636533
        ]
      },
      "properties": {
        "station_id": "7075",
        "name": "Queens Quay W / Dan Leckie Way",
        "capacity": 27,
        "bikes_available": 9,
        "docks_available": 13,
        "fullness": 0.3333
      }
    },
    {
      "type": "Feature",
      "geometry": {
        "type": "Point",
        "coordinates": [
          -79.380464,
          43.640132
        ]
      },
      "properties": {
        "station_id": "7076",
        "name": "York St / Queens Quay W",
        "capacity": 57,
        "bikes_available": 35,
        "docks_available": 22,
        "fullness": 0.614
      }
    },
    {
      "type": "Feature",
      "geometry": {
        "type": "Point",
        "coordinates": [
          -79.382365,
          43.659457
        ]
      },
      "properties": {
        "station_id": "7077",
        "name": "College Park South",
        "capacity": 19,
        "bikes_available": 16,
        "docks_available": 2,
        "fullness": 0.8421
      }
    },
    {
      "type": "Feature",
      "geometry": {
        "type": "Point",
        "coordinates": [
          -79.4032,
          43.6576
        ]
      },
      "properties": {
        "station_id": "7078",
        "name": "College St / Major St",
        "capacity": 15,
        "bikes_available": 4,
        "docks_available": 11,
        "fullness": 0.2667
      }
    },
    {
      "type": "Feature",
      "geometry": {
        "type": "Point",
        "coordinates": [
          -79.379052,
          43.660694
        ]
      },
      "properties": {
        "station_id": "7079",
        "name": "McGill St / Church St",
        "capacity": 19,
        "bikes_available": 1,
        "docks_available": 17,
        "fullness": 0.0526
      }
    },
    {
      "type": "Feature",
      "geometry": {
        "type": "Point",
        "coordinates": [
          -79.465712,
          43.645599
        ]
      },
      "properties": {
        "station_id": "7084",
        "name": "High Park - Grenadier Cafe",
        "capacity": 11,
        "bikes_available": 2,
        "docks_available": 8,
        "fullness": 0.1818
      }
    },
    {
      "type": "Feature",
      "geometry": {
        "type": "Point",
        "coordinates": [
          -79.304848,
          43.687323
        ]
      },
      "properties": {
        "station_id": "7085",
        "name": "Danforth Ave / Westlake Ave",
        "capacity": 15,
        "bikes_available": 9,
        "docks_available": 5,
        "fullness": 0.6
      }
    },
    {
      "type": "Feature",
      "geometry": {
        "type": "Point",
        "coordinates": [
          -79.465693,
          43.651922
        ]
      },
      "properties": {
        "station_id": "7086",
        "name": "High Park - West Rd",
        "capacity": 23,
        "bikes_available": 7,
        "docks_available": 15,
        "fullness": 0.3043
      }
    },
    {
      "type": "Feature",
      "geometry": {
        "type": "Point",
        "coordinates": [
          -79.316767,
          43.684758
        ]
      },
      "properties": {
        "station_id": "7087",
        "name": "Danforth Ave / Aldridge Ave",
        "capacity": 11,
        "bikes_available": 7,
        "docks_available": 4,
        "fullness": 0.6364
      }
    },
    {
      "type": "Feature",
      "geometry": {
        "type": "Point",
        "coordinates": [
          -79.322961,
          43.683378
        ]
      },
      "properties": {
        "station_id": "7088",
        "name": "Danforth Ave / Coxwell Ave",
        "capacity": 15,
        "bikes_available": 8,
        "docks_available": 7,
        "fullness": 0.5333
      }
    },
    {
      "type": "Feature",
      "geometry": {
        "type": "Point",
        "coordinates": [
          -79.379903,
          43.662712
        ]
      },
      "properties": {
        "station_id": "7089",
        "name": "Church St  / Wood St",
        "capacity": 27,
        "bikes_available": 14,
        "docks_available": 13,
        "fullness": 0.5185
      }
    },
    {
      "type": "Feature",
      "geometry": {
        "type": "Point",
        "coordinates": [
          -79.329455,
          43.681991
        ]
      },
      "properties": {
        "station_id": "7090",
        "name": "Danforth Ave / Lamb Ave",
        "capacity": 19,
        "bikes_available": 10,
        "docks_available": 9,
        "fullness": 0.5263
      }
    },
    {
      "type": "Feature",
      "geometry": {
        "type": "Point",
        "coordinates": [
          -79.337388,
          43.681114
        ]
      },
      "properties": {
        "station_id": "7091",
        "name": "Donlands Subway Station",
        "capacity": 15,
        "bikes_available": 2,
        "docks_available": 12,
        "fullness": 0.1333
      }
    },
    {
      "type": "Feature",
      "geometry": {
        "type": "Point",
        "coordinates": [
          -79.346289,
          43.678401
        ]
      },
      "properties": {
        "station_id": "7093",
        "name": "Danforth Ave / Gough Ave",
        "capacity": 25,
        "bikes_available": 13,
        "docks_available": 11,
        "fullness": 0.52
      }
    },
    {
      "type": "Feature",
      "geometry": {
        "type": "Point",
        "coordinates": [
          -79.351356,
          43.678483
        ]
      },
      "properties": {
        "station_id": "7094",
        "name": "14 Arundel Ave",
        "capacity": 25,
        "bikes_available": 11,
        "docks_available": 9,
        "fullness": 0.44
      }
    },
    {
      "type": "Feature",
      "geometry": {
        "type": "Point",
        "coordinates": [
          -79.35667,
          43.677076
        ]
      },
      "properties": {
        "station_id": "7095",
        "name": "Danforth Ave / Ellerbeck St",
        "capacity": 15,
        "bikes_available": 3,
        "docks_available": 12,
        "fullness": 0.2
      }
    },
    {
      "type": "Feature",
      "geometry": {
        "type": "Point",
        "coordinates": [
          -79.333681,
          43.702727
        ]
      },
      "properties": {
        "station_id": "7096",
        "name": "Lower Don River Trail and Taylor Creek Trail",
        "capacity": 19,
        "bikes_available": 5,
        "docks_available": 14,
        "fullness": 0.2632
      }
    },
    {
      "type": "Feature",
      "geometry": {
        "type": "Point",
        "coordinates": [
          -79.354704,
          43.671172
        ]
      },
      "properties": {
        "station_id": "7097",
        "name": "Riverdale Park North (Broadview Ave)",
        "capacity": 31,
        "bikes_available": 10,
        "docks_available": 20,
        "fullness": 0.3226
      }
    },
    {
      "type": "Feature",
      "geometry": {
        "type": "Point",
        "coordinates": [
          -79.35347,
          43.667819
        ]
      },
      "properties": {
        "station_id": "7098",
        "name": "Riverdale Park South (Broadview Ave)",
        "capacity": 15,
        "bikes_available": 15,
        "docks_available": 0,
        "fullness": 1
      }
    },
    {
      "type": "Feature",
      "geometry": {
        "type": "Point",
        "coordinates": [
          -79.356805,
          43.651414
        ]
      },
      "properties": {
        "station_id": "7099",
        "name": "Mill St / Cherry St",
        "capacity": 39,
        "bikes_available": 23,
        "docks_available": 16,
        "fullness": 0.5897
      }
    },
    {
      "type": "Feature",
      "geometry": {
        "type": "Point",
        "coordinates": [
          -79.361275,
          43.660207
        ]
      },
      "properties": {
        "station_id": "7100",
        "name": "Dundas St E / Regent Park Blvd",
        "capacity": 27,
        "bikes_available": 7,
        "docks_available": 20,
        "fullness": 0.2593
      }
    },
    {
      "type": "Feature",
      "geometry": {
        "type": "Point",
        "coordinates": [
          -79.367061,
          43.648655
        ]
      },
      "properties": {
        "station_id": "7101",
        "name": "Lower Sherbourne St / The Esplanade",
        "capacity": 27,
        "bikes_available": 6,
        "docks_available": 21,
        "fullness": 0.2222
      }
    },
    {
      "type": "Feature",
      "geometry": {
        "type": "Point",
        "coordinates": [
          -79.389728,
          43.648711
        ]
      },
      "properties": {
        "station_id": "7102",
        "name": "Nelson St / Duncan St",
        "capacity": 31,
        "bikes_available": 25,
        "docks_available": 6,
        "fullness": 0.8065
      }
    },
    {
      "type": "Feature",
      "geometry": {
        "type": "Point",
        "coordinates": [
          -79.343766,
          43.66056
        ]
      },
      "properties": {
        "station_id": "7103",
        "name": "Jimmie Simpson Park (Queen St E)",
        "capacity": 33,
        "bikes_available": 32,
        "docks_available": 1,
        "fullness": 0.9697
      }
    },
    {
      "type": "Feature",
      "geometry": {
        "type": "Point",
        "coordinates": [
          -79.356274,
          43.656785
        ]
      },
      "properties": {
        "station_id": "7104",
        "name": "King St E / River St",
        "capacity": 15,
        "bikes_available": 9,
        "docks_available": 6,
        "fullness": 0.6
      }
    },
    {
      "type": "Feature",
      "geometry": {
        "type": "Point",
        "coordinates": [
          -79.361389,
          43.656111
        ]
      },
      "properties": {
        "station_id": "7105",
        "name": "Queen St E / Sackville St",
        "capacity": 15,
        "bikes_available": 7,
        "docks_available": 8,
        "fullness": 0.4667
      }
    },
    {
      "type": "Feature",
      "geometry": {
        "type": "Point",
        "coordinates": [
          -79.354626,
          43.65196
        ]
      },
      "properties": {
        "station_id": "7106",
        "name": "Mill St / Tannery Rd",
        "capacity": 39,
        "bikes_available": 33,
        "docks_available": 6,
        "fullness": 0.8462
      }
    },
    {
      "type": "Feature",
      "geometry": {
        "type": "Point",
        "coordinates": [
          -79.356832,
          43.650279
        ]
      },
      "properties": {
        "station_id": "7107",
        "name": "Cherry St / Distillery Ln",
        "capacity": 15,
        "bikes_available": 3,
        "docks_available": 12,
        "fullness": 0.2
      }
    },
    {
      "type": "Feature",
      "geometry": {
        "type": "Point",
        "coordinates": [
          -79.369596,
          43.658777
        ]
      },
      "properties": {
        "station_id": "7109",
        "name": "Seaton St / Dundas St E - SMART",
        "capacity": 32,
        "bikes_available": 18,
        "docks_available": 12,
        "fullness": 0.5625
      }
    },
    {
      "type": "Feature",
      "geometry": {
        "type": "Point",
        "coordinates": [
          -79.365833,
          43.655278
        ]
      },
      "properties": {
        "station_id": "7110",
        "name": "Queen St E / Berkeley St",
        "capacity": 15,
        "bikes_available": 6,
        "docks_available": 8,
        "fullness": 0.4
      }
    },
    {
      "type": "Feature",
      "geometry": {
        "type": "Point",
        "coordinates": [
          -79.416379,
          43.640885
        ]
      },
      "properties": {
        "station_id": "7111",
        "name": "King St W / Douro St",
        "capacity": 11,
        "bikes_available": 2,
        "docks_available": 7,
        "fullness": 0.1818
      }
    },
    {
      "type": "Feature",
      "geometry": {
        "type": "Point",
        "coordinates": [
          -79.424146,
          43.637981
        ]
      },
      "properties": {
        "station_id": "7112",
        "name": "Liberty St / Fraser Ave Green P",
        "capacity": 19,
        "bikes_available": 17,
        "docks_available": 2,
        "fullness": 0.8947
      }
    },
    {
      "type": "Feature",
      "geometry": {
        "type": "Point",
        "coordinates": [
          -79.368333,
          43.665278
        ]
      },
      "properties": {
        "station_id": "7113",
        "name": "Parliament St / Aberdeen Ave",
        "capacity": 15,
        "bikes_available": 5,
        "docks_available": 9,
        "fullness": 0.3333
      }
    },
    {
      "type": "Feature",
      "geometry": {
        "type": "Point",
        "coordinates": [
          -79.36793,
          43.664524
        ]
      },
      "properties": {
        "station_id": "7114",
        "name": "Carlton St / Parliament St",
        "capacity": 27,
        "bikes_available": 2,
        "docks_available": 25,
        "fullness": 0.0741
      }
    },
    {
      "type": "Feature",
      "geometry": {
        "type": "Point",
        "coordinates": [
          -79.376367,
          43.671258
        ]
      },
      "properties": {
        "station_id": "7115",
        "name": "Howard St / Sherbourne St",
        "capacity": 31,
        "bikes_available": 1,
        "docks_available": 30,
        "fullness": 0.0323
      }
    },
    {
      "type": "Feature",
      "geometry": {
        "type": "Point",
        "coordinates": [
          -79.372451,
          43.671946
        ]
      },
      "properties": {
        "station_id": "7116",
        "name": "Bloor St E / Parliament St",
        "capacity": 19,
        "bikes_available": 5,
        "docks_available": 14,
        "fullness": 0.2632
      }
    },
    {
      "type": "Feature",
      "geometry": {
        "type": "Point",
        "coordinates": [
          -79.367958,
          43.67418
        ]
      },
      "properties": {
        "station_id": "7117",
        "name": "Castle Frank Subway Station",
        "capacity": 19,
        "bikes_available": 4,
        "docks_available": 12,
        "fullness": 0.2105
      }
    },
    {
      "type": "Feature",
      "geometry": {
        "type": "Point",
        "coordinates": [
          -79.380042,
          43.648575
        ]
      },
      "properties": {
        "station_id": "7118",
        "name": "King St W / Bay St (East Side)",
        "capacity": 19,
        "bikes_available": 8,
        "docks_available": 11,
        "fullness": 0.4211
      }
    },
    {
      "type": "Feature",
      "geometry": {
        "type": "Point",
        "coordinates": [
          -79.362506,
          43.665867
        ]
      },
      "properties": {
        "station_id": "7119",
        "name": "Sumach St / Carlton St (Riverdale Farm)",
        "capacity": 15,
        "bikes_available": 9,
        "docks_available": 6,
        "fullness": 0.6
      }
    },
    {
      "type": "Feature",
      "geometry": {
        "type": "Point",
        "coordinates": [
          -79.358534,
          43.663993
        ]
      },
      "properties": {
        "station_id": "7120",
        "name": "Gerrard St E / River St",
        "capacity": 11,
        "bikes_available": 9,
        "docks_available": 2,
        "fullness": 0.8182
      }
    },
    {
      "type": "Feature",
      "geometry": {
        "type": "Point",
        "coordinates": [
          -79.374756,
          43.657266
        ]
      },
      "properties": {
        "station_id": "7121",
        "name": "Jarvis St / Dundas St E",
        "capacity": 27,
        "bikes_available": 14,
        "docks_available": 13,
        "fullness": 0.5185
      }
    },
    {
      "type": "Feature",
      "geometry": {
        "type": "Point",
        "coordinates": [
          -79.404444,
          43.641389
        ]
      },
      "properties": {
        "station_id": "7122",
        "name": "Niagara St / Tecumseth St",
        "capacity": 15,
        "bikes_available": 10,
        "docks_available": 5,
        "fullness": 0.6667
      }
    },
    {
      "type": "Feature",
      "geometry": {
        "type": "Point",
        "coordinates": [
          -79.396649,
          43.643834
        ]
      },
      "properties": {
        "station_id": "7123",
        "name": "420 Wellington St W",
        "capacity": 15,
        "bikes_available": 3,
        "docks_available": 11,
        "fullness": 0.2
      }
    },
    {
      "type": "Feature",
      "geometry": {
        "type": "Point",
        "coordinates": [
          -79.351104,
          43.662365
        ]
      },
      "properties": {
        "station_id": "7124",
        "name": "Dundas St E / Broadview Ave",
        "capacity": 19,
        "bikes_available": 16,
        "docks_available": 3,
        "fullness": 0.8421
      }
    },
    {
      "type": "Feature",
      "geometry": {
        "type": "Point",
        "coordinates": [
          -79.387778,
          43.671944
        ]
      },
      "properties": {
        "station_id": "7126",
        "name": "Yonge St / Yorkville Ave",
        "capacity": 17,
        "bikes_available": 1,
        "docks_available": 15,
        "fullness": 0.0588
      }
    },
    {
      "type": "Feature",
      "geometry": {
        "type": "Point",
        "coordinates": [
          -79.39018,
          43.672152
        ]
      },
      "properties": {
        "station_id": "7127",
        "name": "Bay St / Scollard St",
        "capacity": 15,
        "bikes_available": 5,
        "docks_available": 10,
        "fullness": 0.3333
      }
    },
    {
      "type": "Feature",
      "geometry": {
        "type": "Point",
        "coordinates": [
          -79.388858,
          43.675492
        ]
      },
      "properties": {
        "station_id": "7128",
        "name": "Yonge St / Aylmer Ave",
        "capacity": 23,
        "bikes_available": 1,
        "docks_available": 22,
        "fullness": 0.0435
      }
    },
    {
      "type": "Feature",
      "geometry": {
        "type": "Point",
        "coordinates": [
          -79.396273,
          43.674991
        ]
      },
      "properties": {
        "station_id": "7129",
        "name": "Davenport Rd / Avenue Rd",
        "capacity": 11,
        "bikes_available": 2,
        "docks_available": 8,
        "fullness": 0.1818
      }
    },
    {
      "type": "Feature",
      "geometry": {
        "type": "Point",
        "coordinates": [
          -79.398331,
          43.674446
        ]
      },
      "properties": {
        "station_id": "7130",
        "name": "Davenport Rd / Bedford Rd",
        "capacity": 15,
        "bikes_available": 6,
        "docks_available": 7,
        "fullness": 0.4
      }
    },
    {
      "type": "Feature",
      "geometry": {
        "type": "Point",
        "coordinates": [
          -79.398443,
          43.66986
        ]
      },
      "properties": {
        "station_id": "7131",
        "name": "Taddle Creek Park",
        "capacity": 15,
        "bikes_available": 2,
        "docks_available": 13,
        "fullness": 0.1333
      }
    },
    {
      "type": "Feature",
      "geometry": {
        "type": "Point",
        "coordinates": [
          -79.405181,
          43.670318
        ]
      },
      "properties": {
        "station_id": "7132",
        "name": "Kendal Ave / Spadina Rd",
        "capacity": 9,
        "bikes_available": 1,
        "docks_available": 8,
        "fullness": 0.1111
      }
    },
    {
      "type": "Feature",
      "geometry": {
        "type": "Point",
        "coordinates": [
          -79.391307,
          43.682012
        ]
      },
      "properties": {
        "station_id": "7133",
        "name": "Summerhill Subway Station",
        "capacity": 11,
        "bikes_available": 0,
        "docks_available": 11,
        "fullness": 0
      }
    },
    {
      "type": "Feature",
      "geometry": {
        "type": "Point",
        "coordinates": [
          -79.419654,
          43.638609
        ]
      },
      "properties": {
        "station_id": "7135",
        "name": "Hanna Ave / Liberty St",
        "capacity": 35,
        "bikes_available": 23,
        "docks_available": 11,
        "fullness": 0.6571
      }
    },
    {
      "type": "Feature",
      "geometry": {
        "type": "Point",
        "coordinates": [
          -79.416111,
          43.676667
        ]
      },
      "properties": {
        "station_id": "7137",
        "name": "Davenport Rd / Bathurst St",
        "capacity": 15,
        "bikes_available": 1,
        "docks_available": 14,
        "fullness": 0.0667
      }
    },
    {
      "type": "Feature",
      "geometry": {
        "type": "Point",
        "coordinates": [
          -79.423889,
          43.675278
        ]
      },
      "properties": {
        "station_id": "7138",
        "name": "Davenport Rd / Christie St",
        "capacity": 27,
        "bikes_available": 4,
        "docks_available": 22,
        "fullness": 0.1481
      }
    },
    {
      "type": "Feature",
      "geometry": {
        "type": "Point",
        "coordinates": [
          -79.405556,
          43.677778
        ]
      },
      "properties": {
        "station_id": "7139",
        "name": "Glen Edyth Dr / Davenport Rd",
        "capacity": 15,
        "bikes_available": 0,
        "docks_available": 13,
        "fullness": 0
      }
    },
    {
      "type": "Feature",
      "geometry": {
        "type": "Point",
        "coordinates": [
          -79.40698,
          43.675791
        ]
      },
      "properties": {
        "station_id": "7140",
        "name": "Macpherson Ave / Spadina Rd",
        "capacity": 15,
        "bikes_available": 2,
        "docks_available": 12,
        "fullness": 0.1333
      }
    },
    {
      "type": "Feature",
      "geometry": {
        "type": "Point",
        "coordinates": [
          -79.414722,
          43.674444
        ]
      },
      "properties": {
        "station_id": "7142",
        "name": "Bridgman Ave / Bathurst St",
        "capacity": 15,
        "bikes_available": 1,
        "docks_available": 13,
        "fullness": 0.0667
      }
    },
    {
      "type": "Feature",
      "geometry": {
        "type": "Point",
        "coordinates": [
          -79.408317,
          43.671513
        ]
      },
      "properties": {
        "station_id": "7143",
        "name": "Kendal Ave / Bernard Ave",
        "capacity": 15,
        "bikes_available": 1,
        "docks_available": 14,
        "fullness": 0.0667
      }
    },
    {
      "type": "Feature",
      "geometry": {
        "type": "Point",
        "coordinates": [
          -79.416389,
          43.671389
        ]
      },
      "properties": {
        "station_id": "7144",
        "name": "Palmerston Ave / Vermont Ave",
        "capacity": 15,
        "bikes_available": 4,
        "docks_available": 11,
        "fullness": 0.2667
      }
    },
    {
      "type": "Feature",
      "geometry": {
        "type": "Point",
        "coordinates": [
          -79.425,
          43.68
        ]
      },
      "properties": {
        "station_id": "7146",
        "name": "Christie St / Benson Ave (Wychwood Barns)",
        "capacity": 19,
        "bikes_available": 2,
        "docks_available": 16,
        "fullness": 0.1053
      }
    },
    {
      "type": "Feature",
      "geometry": {
        "type": "Point",
        "coordinates": [
          -79.425278,
          43.639444
        ]
      },
      "properties": {
        "station_id": "7147",
        "name": "King St W / Fraser Ave",
        "capacity": 15,
        "bikes_available": 15,
        "docks_available": 0,
        "fullness": 1
      }
    },
    {
      "type": "Feature",
      "geometry": {
        "type": "Point",
        "coordinates": [
          -79.423611,
          43.639444
        ]
      },
      "properties": {
        "station_id": "7148",
        "name": "King St W / Joe Shuster Way",
        "capacity": 23,
        "bikes_available": 6,
        "docks_available": 13,
        "fullness": 0.2609
      }
    },
    {
      "type": "Feature",
      "geometry": {
        "type": "Point",
        "coordinates": [
          -79.420833,
          43.67
        ]
      },
      "properties": {
        "station_id": "7149",
        "name": "Yarmouth Rd / Christie St",
        "capacity": 11,
        "bikes_available": 0,
        "docks_available": 10,
        "fullness": 0
      }
    },
    {
      "type": "Feature",
      "geometry": {
        "type": "Point",
        "coordinates": [
          -79.433611,
          43.655556
        ]
      },
      "properties": {
        "station_id": "7150",
        "name": "Dufferin St / Sylvan Av (Dufferin Grove Park)",
        "capacity": 19,
        "bikes_available": 2,
        "docks_available": 15,
        "fullness": 0.1053
      }
    },
    {
      "type": "Feature",
      "geometry": {
        "type": "Point",
        "coordinates": [
          -79.420278,
          43.668611
        ]
      },
      "properties": {
        "station_id": "7151",
        "name": "Essex St / Christie St",
        "capacity": 19,
        "bikes_available": 5,
        "docks_available": 14,
        "fullness": 0.2632
      }
    },
    {
      "type": "Feature",
      "geometry": {
        "type": "Point",
        "coordinates": [
          -79.425592,
          43.66171
        ]
      },
      "properties": {
        "station_id": "7152",
        "name": "Ossington Ave / Bloor St W",
        "capacity": 11,
        "bikes_available": 2,
        "docks_available": 9,
        "fullness": 0.1818
      }
    },
    {
      "type": "Feature",
      "geometry": {
        "type": "Point",
        "coordinates": [
          -79.418889,
          43.663889
        ]
      },
      "properties": {
        "station_id": "7153",
        "name": "Bloor St W / Christie St",
        "capacity": 19,
        "bikes_available": 4,
        "docks_available": 15,
        "fullness": 0.2105
      }
    },
    {
      "type": "Feature",
      "geometry": {
        "type": "Point",
        "coordinates": [
          -79.411667,
          43.666667
        ]
      },
      "properties": {
        "station_id": "7154",
        "name": "Bathurst Subway Station",
        "capacity": 23,
        "bikes_available": 7,
        "docks_available": 15,
        "fullness": 0.3043
      }
    },
    {
      "type": "Feature",
      "geometry": {
        "type": "Point",
        "coordinates": [
          -79.410491,
          43.663808
        ]
      },
      "properties": {
        "station_id": "7155",
        "name": "Bathurst St / Lennox St",
        "capacity": 19,
        "bikes_available": 0,
        "docks_available": 17,
        "fullness": 0
      }
    },
    {
      "type": "Feature",
      "geometry": {
        "type": "Point",
        "coordinates": [
          -79.431667,
          43.660833
        ]
      },
      "properties": {
        "station_id": "7156",
        "name": "Salem Ave / Bloor St W",
        "capacity": 15,
        "bikes_available": 0,
        "docks_available": 15,
        "fullness": 0
      }
    },
    {
      "type": "Feature",
      "geometry": {
        "type": "Point",
        "coordinates": [
          -79.435833,
          43.660833
        ]
      },
      "properties": {
        "station_id": "7157",
        "name": "Dufferin St / Bloor St W",
        "capacity": 22,
        "bikes_available": 11,
        "docks_available": 11,
        "fullness": 0.5
      }
    },
    {
      "type": "Feature",
      "geometry": {
        "type": "Point",
        "coordinates": [
          -79.411111,
          43.642222
        ]
      },
      "properties": {
        "station_id": "7158",
        "name": "King St W / Stafford St",
        "capacity": 15,
        "bikes_available": 1,
        "docks_available": 14,
        "fullness": 0.0667
      }
    },
    {
      "type": "Feature",
      "geometry": {
        "type": "Point",
        "coordinates": [
          -79.405556,
          43.643333
        ]
      },
      "properties": {
        "station_id": "7160",
        "name": "King St W / Tecumseth St",
        "capacity": 19,
        "bikes_available": 13,
        "docks_available": 5,
        "fullness": 0.6842
      }
    },
    {
      "type": "Feature",
      "geometry": {
        "type": "Point",
        "coordinates": [
          -79.395278,
          43.6575
        ]
      },
      "properties": {
        "station_id": "7161",
        "name": "Beverley St / College St",
        "capacity": 23,
        "bikes_available": 0,
        "docks_available": 22,
        "fullness": 0
      }
    },
    {
      "type": "Feature",
      "geometry": {
        "type": "Point",
        "coordinates": [
          -79.385556,
          43.659167
        ]
      },
      "properties": {
        "station_id": "7162",
        "name": "Hayter St / La Plante Ave",
        "capacity": 23,
        "bikes_available": 7,
        "docks_available": 14,
        "fullness": 0.3043
      }
    },
    {
      "type": "Feature",
      "geometry": {
        "type": "Point",
        "coordinates": [
          -79.381019,
          43.657424
        ]
      },
      "properties": {
        "station_id": "7164",
        "name": "Gould St / Yonge St (TMU)",
        "capacity": 23,
        "bikes_available": 20,
        "docks_available": 2,
        "fullness": 0.8696
      }
    },
    {
      "type": "Feature",
      "geometry": {
        "type": "Point",
        "coordinates": [
          -79.375308,
          43.641646
        ]
      },
      "properties": {
        "station_id": "7168",
        "name": "Queens Quay / Yonge St",
        "capacity": 47,
        "bikes_available": 20,
        "docks_available": 26,
        "fullness": 0.4255
      }
    },
    {
      "type": "Feature",
      "geometry": {
        "type": "Point",
        "coordinates": [
          -79.378912,
          43.646162
        ]
      },
      "properties": {
        "station_id": "7169",
        "name": "Front St W / Bay St (North Side)",
        "capacity": 11,
        "bikes_available": 6,
        "docks_available": 5,
        "fullness": 0.5455
      }
    },
    {
      "type": "Feature",
      "geometry": {
        "type": "Point",
        "coordinates": [
          -79.401389,
          43.661667
        ]
      },
      "properties": {
        "station_id": "7170",
        "name": "Spadina Ave / Willcocks St",
        "capacity": 15,
        "bikes_available": 4,
        "docks_available": 9,
        "fullness": 0.2667
      }
    },
    {
      "type": "Feature",
      "geometry": {
        "type": "Point",
        "coordinates": [
          -79.408889,
          43.635
        ]
      },
      "properties": {
        "station_id": "7172",
        "name": "Strachan Ave / Princes' Blvd",
        "capacity": 19,
        "bikes_available": 3,
        "docks_available": 16,
        "fullness": 0.1579
      }
    },
    {
      "type": "Feature",
      "geometry": {
        "type": "Point",
        "coordinates": [
          -79.458333,
          43.666667
        ]
      },
      "properties": {
        "station_id": "7173",
        "name": "Cariboo Ave / Railpath Trail",
        "capacity": 19,
        "bikes_available": 0,
        "docks_available": 19,
        "fullness": 0
      }
    },
    {
      "type": "Feature",
      "geometry": {
        "type": "Point",
        "coordinates": [
          -79.451537,
          43.656597
        ]
      },
      "properties": {
        "station_id": "7174",
        "name": "Bloor St W / Dundas St W",
        "capacity": 15,
        "bikes_available": 4,
        "docks_available": 11,
        "fullness": 0.2667
      }
    },
    {
      "type": "Feature",
      "geometry": {
        "type": "Point",
        "coordinates": [
          -79.387502,
          43.63796
        ]
      },
      "properties": {
        "station_id": "7175",
        "name": "HTO Park (Queens Quay W)",
        "capacity": 27,
        "bikes_available": 25,
        "docks_available": 1,
        "fullness": 0.9259
      }
    },
    {
      "type": "Feature",
      "geometry": {
        "type": "Point",
        "coordinates": [
          -79.399595,
          43.639179
        ]
      },
      "properties": {
        "station_id": "7176",
        "name": "Bathurst St / Fort York Blvd",
        "capacity": 19,
        "bikes_available": 10,
        "docks_available": 8,
        "fullness": 0.5263
      }
    },
    {
      "type": "Feature",
      "geometry": {
        "type": "Point",
        "coordinates": [
          -79.452559,
          43.657192
        ]
      },
      "properties": {
        "station_id": "7178",
        "name": "Dundas St W / Edna Ave",
        "capacity": 15,
        "bikes_available": 3,
        "docks_available": 12,
        "fullness": 0.2
      }
    },
    {
      "type": "Feature",
      "geometry": {
        "type": "Point",
        "coordinates": [
          -79.443209,
          43.659229
        ]
      },
      "properties": {
        "station_id": "7180",
        "name": "Lansdowne Subway Station",
        "capacity": 19,
        "bikes_available": 11,
        "docks_available": 2,
        "fullness": 0.5789
      }
    },
    {
      "type": "Feature",
      "geometry": {
        "type": "Point",
        "coordinates": [
          -79.441389,
          43.653889
        ]
      },
      "properties": {
        "station_id": "7181",
        "name": "Lansdowne Ave / Whytock Ave",
        "capacity": 15,
        "bikes_available": 7,
        "docks_available": 7,
        "fullness": 0.4667
      }
    },
    {
      "type": "Feature",
      "geometry": {
        "type": "Point",
        "coordinates": [
          -79.443056,
          43.650833
        ]
      },
      "properties": {
        "station_id": "7182",
        "name": "Sterling Rd / Dundas St W",
        "capacity": 19,
        "bikes_available": 4,
        "docks_available": 15,
        "fullness": 0.2105
      }
    },
    {
      "type": "Feature",
      "geometry": {
        "type": "Point",
        "coordinates": [
          -79.43868,
          43.651238
        ]
      },
      "properties": {
        "station_id": "7183",
        "name": "St Clarens Ave / College St",
        "capacity": 15,
        "bikes_available": 12,
        "docks_available": 3,
        "fullness": 0.8
      }
    },
    {
      "type": "Feature",
      "geometry": {
        "type": "Point",
        "coordinates": [
          -79.422634,
          43.654492
        ]
      },
      "properties": {
        "station_id": "7184",
        "name": "Ossington Ave / College St",
        "capacity": 11,
        "bikes_available": 2,
        "docks_available": 7,
        "fullness": 0.1818
      }
    },
    {
      "type": "Feature",
      "geometry": {
        "type": "Point",
        "coordinates": [
          -79.420232,
          43.637695
        ]
      },
      "properties": {
        "station_id": "7188",
        "name": "Atlantic Ave / Liberty St",
        "capacity": 35,
        "bikes_available": 5,
        "docks_available": 30,
        "fullness": 0.1429
      }
    },
    {
      "type": "Feature",
      "geometry": {
        "type": "Point",
        "coordinates": [
          -79.401676,
          43.653766
        ]
      },
      "properties": {
        "station_id": "7189",
        "name": "Augusta Ave / Denison Sq",
        "capacity": 15,
        "bikes_available": 3,
        "docks_available": 12,
        "fullness": 0.2
      }
    },
    {
      "type": "Feature",
      "geometry": {
        "type": "Point",
        "coordinates": [
          -79.398064,
          43.66374
        ]
      },
      "properties": {
        "station_id": "7190",
        "name": "St. George St / Hoskin Ave",
        "capacity": 15,
        "bikes_available": 9,
        "docks_available": 6,
        "fullness": 0.6
      }
    },
    {
      "type": "Feature",
      "geometry": {
        "type": "Point",
        "coordinates": [
          -79.407896,
          43.661975
        ]
      },
      "properties": {
        "station_id": "7191",
        "name": "Central Tech  (Harbord St)",
        "capacity": 11,
        "bikes_available": 1,
        "docks_available": 9,
        "fullness": 0.0909
      }
    },
    {
      "type": "Feature",
      "geometry": {
        "type": "Point",
        "coordinates": [
          -79.415646,
          43.660414
        ]
      },
      "properties": {
        "station_id": "7192",
        "name": "Harbord St / Clinton St",
        "capacity": 15,
        "bikes_available": 6,
        "docks_available": 9,
        "fullness": 0.4
      }
    },
    {
      "type": "Feature",
      "geometry": {
        "type": "Point",
        "coordinates": [
          -79.428756,
          43.643097
        ]
      },
      "properties": {
        "station_id": "7193",
        "name": "Dufferin St / Queen St W",
        "capacity": 15,
        "bikes_available": 15,
        "docks_available": 0,
        "fullness": 1
      }
    },
    {
      "type": "Feature",
      "geometry": {
        "type": "Point",
        "coordinates": [
          -79.408889,
          43.66
        ]
      },
      "properties": {
        "station_id": "7195",
        "name": "Ulster St / Bathurst St",
        "capacity": 11,
        "bikes_available": 1,
        "docks_available": 9,
        "fullness": 0.0909
      }
    },
    {
      "type": "Feature",
      "geometry": {
        "type": "Point",
        "coordinates": [
          -79.422988,
          43.65905
        ]
      },
      "properties": {
        "station_id": "7196",
        "name": "Roxton Rd / Harbord St",
        "capacity": 11,
        "bikes_available": 2,
        "docks_available": 9,
        "fullness": 0.1818
      }
    },
    {
      "type": "Feature",
      "geometry": {
        "type": "Point",
        "coordinates": [
          -79.422757,
          43.64386
        ]
      },
      "properties": {
        "station_id": "7197",
        "name": "Queen St W / Dovercourt Rd",
        "capacity": 11,
        "bikes_available": 8,
        "docks_available": 3,
        "fullness": 0.7273
      }
    },
    {
      "type": "Feature",
      "geometry": {
        "type": "Point",
        "coordinates": [
          -79.432836,
          43.640897
        ]
      },
      "properties": {
        "station_id": "7198",
        "name": "Queen St W / Cowan Ave",
        "capacity": 19,
        "bikes_available": 6,
        "docks_available": 11,
        "fullness": 0.3158
      }
    },
    {
      "type": "Feature",
      "geometry": {
        "type": "Point",
        "coordinates": [
          -79.409167,
          43.656389
        ]
      },
      "properties": {
        "station_id": "7199",
        "name": "College St / Markham St",
        "capacity": 19,
        "bikes_available": 0,
        "docks_available": 19,
        "fullness": 0
      }
    },
    {
      "type": "Feature",
      "geometry": {
        "type": "Point",
        "coordinates": [
          -79.384047,
          43.651606
        ]
      },
      "properties": {
        "station_id": "7202",
        "name": "York St / Queen St W (City Hall)",
        "capacity": 27,
        "bikes_available": 11,
        "docks_available": 16,
        "fullness": 0.4074
      }
    },
    {
      "type": "Feature",
      "geometry": {
        "type": "Point",
        "coordinates": [
          -79.398253,
          43.635492
        ]
      },
      "properties": {
        "station_id": "7203",
        "name": "Bathurst St/Queens Quay(Billy Bishop Airport)",
        "capacity": 35,
        "bikes_available": 8,
        "docks_available": 26,
        "fullness": 0.2286
      }
    },
    {
      "type": "Feature",
      "geometry": {
        "type": "Point",
        "coordinates": [
          -79.418889,
          43.655
        ]
      },
      "properties": {
        "station_id": "7204",
        "name": "College St / Crawford St",
        "capacity": 19,
        "bikes_available": 1,
        "docks_available": 18,
        "fullness": 0.0526
      }
    },
    {
      "type": "Feature",
      "geometry": {
        "type": "Point",
        "coordinates": [
          -79.429722,
          43.652778
        ]
      },
      "properties": {
        "station_id": "7205",
        "name": "Rusholme Park Cres / College St",
        "capacity": 15,
        "bikes_available": 6,
        "docks_available": 8,
        "fullness": 0.4
      }
    },
    {
      "type": "Feature",
      "geometry": {
        "type": "Point",
        "coordinates": [
          -79.411717,
          43.651281
        ]
      },
      "properties": {
        "station_id": "7206",
        "name": "Claremont St / Dundas St W",
        "capacity": 13,
        "bikes_available": 2,
        "docks_available": 11,
        "fullness": 0.1538
      }
    },
    {
      "type": "Feature",
      "geometry": {
        "type": "Point",
        "coordinates": [
          -79.416944,
          43.649722
        ]
      },
      "properties": {
        "station_id": "7207",
        "name": "Dundas St W / Crawford St",
        "capacity": 47,
        "bikes_available": 2,
        "docks_available": 45,
        "fullness": 0.0426
      }
    },
    {
      "type": "Feature",
      "geometry": {
        "type": "Point",
        "coordinates": [
          -79.414663,
          43.656296
        ]
      },
      "properties": {
        "station_id": "7208",
        "name": "80 Clinton St",
        "capacity": 15,
        "bikes_available": 2,
        "docks_available": 12,
        "fullness": 0.1333
      }
    },
    {
      "type": "Feature",
      "geometry": {
        "type": "Point",
        "coordinates": [
          -79.421389,
          43.651111
        ]
      },
      "properties": {
        "station_id": "7209",
        "name": "Ossington Ave / Harrison St",
        "capacity": 19,
        "bikes_available": 10,
        "docks_available": 8,
        "fullness": 0.5263
      }
    },
    {
      "type": "Feature",
      "geometry": {
        "type": "Point",
        "coordinates": [
          -79.433056,
          43.6475
        ]
      },
      "properties": {
        "station_id": "7210",
        "name": "Mary McCormick Rec Centre (Sheridan Ave)",
        "capacity": 15,
        "bikes_available": 11,
        "docks_available": 3,
        "fullness": 0.7333
      }
    },
    {
      "type": "Feature",
      "geometry": {
        "type": "Point",
        "coordinates": [
          -79.406112,
          43.637381
        ]
      },
      "properties": {
        "station_id": "7211",
        "name": "Fort York Blvd / Garrison Rd",
        "capacity": 23,
        "bikes_available": 11,
        "docks_available": 5,
        "fullness": 0.4783
      }
    },
    {
      "type": "Feature",
      "geometry": {
        "type": "Point",
        "coordinates": [
          -79.409666,
          43.640996
        ]
      },
      "properties": {
        "station_id": "7216",
        "name": "Ordnance Park",
        "capacity": 21,
        "bikes_available": 10,
        "docks_available": 10,
        "fullness": 0.4762
      }
    },
    {
      "type": "Feature",
      "geometry": {
        "type": "Point",
        "coordinates": [
          -79.393721,
          43.64965
        ]
      },
      "properties": {
        "station_id": "7217",
        "name": "Soho St / Queen St W",
        "capacity": 15,
        "bikes_available": 12,
        "docks_available": 3,
        "fullness": 0.8
      }
    },
    {
      "type": "Feature",
      "geometry": {
        "type": "Point",
        "coordinates": [
          -79.465083,
          43.635932
        ]
      },
      "properties": {
        "station_id": "7220",
        "name": "Lake Shore Blvd W / Ellis Ave",
        "capacity": 19,
        "bikes_available": 15,
        "docks_available": 4,
        "fullness": 0.7895
      }
    },
    {
      "type": "Feature",
      "geometry": {
        "type": "Point",
        "coordinates": [
          -79.46553,
          43.65436
        ]
      },
      "properties": {
        "station_id": "7221",
        "name": "High Park Subway Station",
        "capacity": 11,
        "bikes_available": 4,
        "docks_available": 7,
        "fullness": 0.3636
      }
    },
    {
      "type": "Feature",
      "geometry": {
        "type": "Point",
        "coordinates": [
          -79.454823,
          43.637894
        ]
      },
      "properties": {
        "station_id": "7222",
        "name": "Sunnyside - Gus Ryder Pool",
        "capacity": 27,
        "bikes_available": 8,
        "docks_available": 18,
        "fullness": 0.2963
      }
    },
    {
      "type": "Feature",
      "geometry": {
        "type": "Point",
        "coordinates": [
          -79.460053,
          43.654501
        ]
      },
      "properties": {
        "station_id": "7223",
        "name": "Parkside Dr / Bloor St W - SMART",
        "capacity": 12,
        "bikes_available": 12,
        "docks_available": 0,
        "fullness": 1
      }
    },
    {
      "type": "Feature",
      "geometry": {
        "type": "Point",
        "coordinates": [
          -79.465057,
          43.653527
        ]
      },
      "properties": {
        "station_id": "7224",
        "name": "Bloor St W / High Park Ave (High Park)",
        "capacity": 23,
        "bikes_available": 4,
        "docks_available": 19,
        "fullness": 0.1739
      }
    },
    {
      "type": "Feature",
      "geometry": {
        "type": "Point",
        "coordinates": [
          -79.467763,
          43.634896
        ]
      },
      "properties": {
        "station_id": "7225",
        "name": "Lake Shore Blvd W / Windermere Ave",
        "capacity": 19,
        "bikes_available": 14,
        "docks_available": 4,
        "fullness": 0.7368
      }
    },
    {
      "type": "Feature",
      "geometry": {
        "type": "Point",
        "coordinates": [
          -79.444966,
          43.636731
        ]
      },
      "properties": {
        "station_id": "7226",
        "name": "Lake Shore Blvd W / The Boulevard Club",
        "capacity": 19,
        "bikes_available": 5,
        "docks_available": 12,
        "fullness": 0.2632
      }
    },
    {
      "type": "Feature",
      "geometry": {
        "type": "Point",
        "coordinates": [
          -79.4304,
          43.6314
        ]
      },
      "properties": {
        "station_id": "7227",
        "name": "Martin Goodman Trail (Marilyn Bell Park)",
        "capacity": 31,
        "bikes_available": 0,
        "docks_available": 28,
        "fullness": 0
      }
    },
    {
      "type": "Feature",
      "geometry": {
        "type": "Point",
        "coordinates": [
          -79.442324,
          43.637296
        ]
      },
      "properties": {
        "station_id": "7228",
        "name": "King St W / Wilson Park Blvd",
        "capacity": 19,
        "bikes_available": 15,
        "docks_available": 4,
        "fullness": 0.7895
      }
    },
    {
      "type": "Feature",
      "geometry": {
        "type": "Point",
        "coordinates": [
          -79.451279,
          43.653427
        ]
      },
      "properties": {
        "station_id": "7229",
        "name": "2201 Dundas St W ",
        "capacity": 11,
        "bikes_available": 10,
        "docks_available": 1,
        "fullness": 0.9091
      }
    },
    {
      "type": "Feature",
      "geometry": {
        "type": "Point",
        "coordinates": [
          -79.447915,
          43.643769
        ]
      },
      "properties": {
        "station_id": "7230",
        "name": "Garden Ave / Roncesvalles Ave",
        "capacity": 19,
        "bikes_available": 15,
        "docks_available": 2,
        "fullness": 0.7895
      }
    },
    {
      "type": "Feature",
      "geometry": {
        "type": "Point",
        "coordinates": [
          -79.442741,
          43.646677
        ]
      },
      "properties": {
        "station_id": "7231",
        "name": "Wright Ave / Sorauren Ave - SMART",
        "capacity": 18,
        "bikes_available": 9,
        "docks_available": 8,
        "fullness": 0.5
      }
    },
    {
      "type": "Feature",
      "geometry": {
        "type": "Point",
        "coordinates": [
          -79.439223,
          43.640255
        ]
      },
      "properties": {
        "station_id": "7232",
        "name": "Queen St W  /  Fuller Ave - SMART",
        "capacity": 16,
        "bikes_available": 12,
        "docks_available": 3,
        "fullness": 0.75
      }
    },
    {
      "type": "Feature",
      "geometry": {
        "type": "Point",
        "coordinates": [
          -79.431734,
          43.637922
        ]
      },
      "properties": {
        "station_id": "7233",
        "name": "King St W / Cowan Ave - SMART",
        "capacity": 16,
        "bikes_available": 12,
        "docks_available": 3,
        "fullness": 0.75
      }
    },
    {
      "type": "Feature",
      "geometry": {
        "type": "Point",
        "coordinates": [
          -79.450842,
          43.650492
        ]
      },
      "properties": {
        "station_id": "7234",
        "name": "Roncesvalles Ave / Marmaduke St",
        "capacity": 19,
        "bikes_available": 6,
        "docks_available": 12,
        "fullness": 0.3158
      }
    },
    {
      "type": "Feature",
      "geometry": {
        "type": "Point",
        "coordinates": [
          -79.385655,
          43.660087
        ]
      },
      "properties": {
        "station_id": "7235",
        "name": "Bay St / College St (West Side) - SMART",
        "capacity": 16,
        "bikes_available": 1,
        "docks_available": 13,
        "fullness": 0.0625
      }
    },
    {
      "type": "Feature",
      "geometry": {
        "type": "Point",
        "coordinates": [
          -79.350325,
          43.659471
        ]
      },
      "properties": {
        "station_id": "7236",
        "name": "Thompson St / Broadview Ave - SMART",
        "capacity": 24,
        "bikes_available": 22,
        "docks_available": 2,
        "fullness": 0.9167
      }
    },
    {
      "type": "Feature",
      "geometry": {
        "type": "Point",
        "coordinates": [
          -79.44618,
          43.662857
        ]
      },
      "properties": {
        "station_id": "7237",
        "name": "Ward St / Wallace Ave",
        "capacity": 15,
        "bikes_available": 5,
        "docks_available": 10,
        "fullness": 0.3333
      }
    },
    {
      "type": "Feature",
      "geometry": {
        "type": "Point",
        "coordinates": [
          -79.444509,
          43.649172
        ]
      },
      "properties": {
        "station_id": "7238",
        "name": "Sorauren Ave / Geoffrey St - SMART",
        "capacity": 16,
        "bikes_available": 13,
        "docks_available": 3,
        "fullness": 0.8125
      }
    },
    {
      "type": "Feature",
      "geometry": {
        "type": "Point",
        "coordinates": [
          -79.416124,
          43.663912
        ]
      },
      "properties": {
        "station_id": "7239",
        "name": "Bloor St W / Manning Ave - SMART",
        "capacity": 42,
        "bikes_available": 10,
        "docks_available": 31,
        "fullness": 0.2381
      }
    },
    {
      "type": "Feature",
      "geometry": {
        "type": "Point",
        "coordinates": [
          -79.423098,
          43.662403
        ]
      },
      "properties": {
        "station_id": "7240",
        "name": "Bloor St W / Shaw St - SMART",
        "capacity": 34,
        "bikes_available": 6,
        "docks_available": 27,
        "fullness": 0.1765
      }
    },
    {
      "type": "Feature",
      "geometry": {
        "type": "Point",
        "coordinates": [
          -79.381204,
          43.666833
        ]
      },
      "properties": {
        "station_id": "7241",
        "name": "519 Church St ",
        "capacity": 11,
        "bikes_available": 7,
        "docks_available": 3,
        "fullness": 0.6364
      }
    },
    {
      "type": "Feature",
      "geometry": {
        "type": "Point",
        "coordinates": [
          -79.420317,
          43.630254
        ]
      },
      "properties": {
        "station_id": "7242",
        "name": "Lake Shore Blvd W / Ontario Dr",
        "capacity": 35,
        "bikes_available": 2,
        "docks_available": 32,
        "fullness": 0.0571
      }
    },
    {
      "type": "Feature",
      "geometry": {
        "type": "Point",
        "coordinates": [
          -79.425679,
          43.633473
        ]
      },
      "properties": {
        "station_id": "7244",
        "name": "Dufferin Gate - SMART",
        "capacity": 16,
        "bikes_available": 2,
        "docks_available": 14,
        "fullness": 0.125
      }
    },
    {
      "type": "Feature",
      "geometry": {
        "type": "Point",
        "coordinates": [
          -79.386532,
          43.669969
        ]
      },
      "properties": {
        "station_id": "7246",
        "name": "Yonge St / Bloor St",
        "capacity": 19,
        "bikes_available": 1,
        "docks_available": 17,
        "fullness": 0.0526
      }
    },
    {
      "type": "Feature",
      "geometry": {
        "type": "Point",
        "coordinates": [
          -79.4486,
          43.6521
        ]
      },
      "properties": {
        "station_id": "7247",
        "name": "Howard Park Ave / Dundas St W - SMART",
        "capacity": 12,
        "bikes_available": 3,
        "docks_available": 9,
        "fullness": 0.25
      }
    },
    {
      "type": "Feature",
      "geometry": {
        "type": "Point",
        "coordinates": [
          -79.398448,
          43.654905
        ]
      },
      "properties": {
        "station_id": "7248",
        "name": "Baldwin St / Spadina Ave - SMART",
        "capacity": 20,
        "bikes_available": 3,
        "docks_available": 17,
        "fullness": 0.15
      }
    },
    {
      "type": "Feature",
      "geometry": {
        "type": "Point",
        "coordinates": [
          -79.423742,
          43.651145
        ]
      },
      "properties": {
        "station_id": "7249",
        "name": "144 Harrison St",
        "capacity": 51,
        "bikes_available": 43,
        "docks_available": 7,
        "fullness": 0.8431
      }
    },
    {
      "type": "Feature",
      "geometry": {
        "type": "Point",
        "coordinates": [
          -79.397107,
          43.660296
        ]
      },
      "properties": {
        "station_id": "7250",
        "name": "Ursula Franklin St / St. George St - SMART",
        "capacity": 16,
        "bikes_available": 5,
        "docks_available": 11,
        "fullness": 0.3125
      }
    },
    {
      "type": "Feature",
      "geometry": {
        "type": "Point",
        "coordinates": [
          -79.404998,
          43.665846
        ]
      },
      "properties": {
        "station_id": "7252",
        "name": "Robert St / Bloor St W - SMART",
        "capacity": 18,
        "bikes_available": 8,
        "docks_available": 10,
        "fullness": 0.4444
      }
    },
    {
      "type": "Feature",
      "geometry": {
        "type": "Point",
        "coordinates": [
          -79.3895,
          43.6461
        ]
      },
      "properties": {
        "station_id": "7253",
        "name": "John St  / Mercer St - SMART",
        "capacity": 12,
        "bikes_available": 12,
        "docks_available": 0,
        "fullness": 1
      }
    },
    {
      "type": "Feature",
      "geometry": {
        "type": "Point",
        "coordinates": [
          -79.39838,
          43.648437
        ]
      },
      "properties": {
        "station_id": "7256",
        "name": "Vanauley St / Queen St W - SMART",
        "capacity": 12,
        "bikes_available": 11,
        "docks_available": 0,
        "fullness": 0.9167
      }
    },
    {
      "type": "Feature",
      "geometry": {
        "type": "Point",
        "coordinates": [
          -79.389531,
          43.654517
        ]
      },
      "properties": {
        "station_id": "7257",
        "name": "Dundas St W / St. Patrick St",
        "capacity": 19,
        "bikes_available": 8,
        "docks_available": 11,
        "fullness": 0.4211
      }
    },
    {
      "type": "Feature",
      "geometry": {
        "type": "Point",
        "coordinates": [
          -79.33237,
          43.662663
        ]
      },
      "properties": {
        "station_id": "7258",
        "name": "Queen St E / Rushbrooke Ave",
        "capacity": 15,
        "bikes_available": 14,
        "docks_available": 1,
        "fullness": 0.9333
      }
    },
    {
      "type": "Feature",
      "geometry": {
        "type": "Point",
        "coordinates": [
          -79.39192,
          43.638497
        ]
      },
      "properties": {
        "station_id": "7259",
        "name": "Lower Spadina Ave / Lake Shore Blvd W",
        "capacity": 19,
        "bikes_available": 12,
        "docks_available": 7,
        "fullness": 0.6316
      }
    },
    {
      "type": "Feature",
      "geometry": {
        "type": "Point",
        "coordinates": [
          -79.395339,
          43.647202
        ]
      },
      "properties": {
        "station_id": "7260",
        "name": "Spadina Ave / Adelaide St W",
        "capacity": 15,
        "bikes_available": 10,
        "docks_available": 5,
        "fullness": 0.6667
      }
    },
    {
      "type": "Feature",
      "geometry": {
        "type": "Point",
        "coordinates": [
          -79.364898,
          43.645215
        ]
      },
      "properties": {
        "station_id": "7261",
        "name": "Queens Quay E / Lower Sherbourne St",
        "capacity": 26,
        "bikes_available": 4,
        "docks_available": 22,
        "fullness": 0.1538
      }
    },
    {
      "type": "Feature",
      "geometry": {
        "type": "Point",
        "coordinates": [
          -79.422968,
          43.680916
        ]
      },
      "properties": {
        "station_id": "7262",
        "name": "Wychwood Ave / Benson Ave - SMART",
        "capacity": 16,
        "bikes_available": 4,
        "docks_available": 11,
        "fullness": 0.25
      }
    },
    {
      "type": "Feature",
      "geometry": {
        "type": "Point",
        "coordinates": [
          -79.379173,
          43.671535
        ]
      },
      "properties": {
        "station_id": "7264",
        "name": "Bloor St E / Huntley St - SMART",
        "capacity": 20,
        "bikes_available": 3,
        "docks_available": 16,
        "fullness": 0.15
      }
    },
    {
      "type": "Feature",
      "geometry": {
        "type": "Point",
        "coordinates": [
          -79.449534,
          43.661324
        ]
      },
      "properties": {
        "station_id": "7265",
        "name": "Wallace Ave / Symington Ave - SMART",
        "capacity": 12,
        "bikes_available": 3,
        "docks_available": 8,
        "fullness": 0.25
      }
    },
    {
      "type": "Feature",
      "geometry": {
        "type": "Point",
        "coordinates": [
          -79.289703,
          43.695102
        ]
      },
      "properties": {
        "station_id": "7266",
        "name": "Victoria Park Subway Station - SMART",
        "capacity": 12,
        "bikes_available": 1,
        "docks_available": 11,
        "fullness": 0.0833
      }
    },
    {
      "type": "Feature",
      "geometry": {
        "type": "Point",
        "coordinates": [
          -79.372346,
          43.658295
        ]
      },
      "properties": {
        "station_id": "7267",
        "name": "Dundas St E / Pembroke St ",
        "capacity": 15,
        "bikes_available": 4,
        "docks_available": 11,
        "fullness": 0.2667
      }
    },
    {
      "type": "Feature",
      "geometry": {
        "type": "Point",
        "coordinates": [
          -79.378497,
          43.656927
        ]
      },
      "properties": {
        "station_id": "7268",
        "name": "111 Bond St (North of Dundas St E)  - SMART",
        "capacity": 16,
        "bikes_available": 15,
        "docks_available": 1,
        "fullness": 0.9375
      }
    },
    {
      "type": "Feature",
      "geometry": {
        "type": "Point",
        "coordinates": [
          -79.380653,
          43.655431
        ]
      },
      "properties": {
        "station_id": "7269",
        "name": "Toronto Eaton Centre (Yonge St) - SMART",
        "capacity": 20,
        "bikes_available": 19,
        "docks_available": 1,
        "fullness": 0.95
      }
    },
    {
      "type": "Feature",
      "geometry": {
        "type": "Point",
        "coordinates": [
          -79.377257,
          43.657024
        ]
      },
      "properties": {
        "station_id": "7270",
        "name": "Church St / Dundas St E - SMART",
        "capacity": 20,
        "bikes_available": 18,
        "docks_available": 2,
        "fullness": 0.9
      }
    },
    {
      "type": "Feature",
      "geometry": {
        "type": "Point",
        "coordinates": [
          -79.383572,
          43.662862
        ]
      },
      "properties": {
        "station_id": "7271",
        "name": "Yonge St / Alexander St - SMART",
        "capacity": 18,
        "bikes_available": 1,
        "docks_available": 17,
        "fullness": 0.0556
      }
    },
    {
      "type": "Feature",
      "geometry": {
        "type": "Point",
        "coordinates": [
          -79.384614,
          43.66596
        ]
      },
      "properties": {
        "station_id": "7272",
        "name": "Yonge St / Dundonald St ",
        "capacity": 27,
        "bikes_available": 18,
        "docks_available": 9,
        "fullness": 0.6667
      }
    },
    {
      "type": "Feature",
      "geometry": {
        "type": "Point",
        "coordinates": [
          -79.38891,
          43.668153
        ]
      },
      "properties": {
        "station_id": "7273",
        "name": "Bay St / Charles St W - SMART",
        "capacity": 20,
        "bikes_available": 2,
        "docks_available": 18,
        "fullness": 0.1
      }
    },
    {
      "type": "Feature",
      "geometry": {
        "type": "Point",
        "coordinates": [
          -79.388011,
          43.669811
        ]
      },
      "properties": {
        "station_id": "7276",
        "name": "Bloor St W / Balmuto St",
        "capacity": 11,
        "bikes_available": 9,
        "docks_available": 2,
        "fullness": 0.8182
      }
    },
    {
      "type": "Feature",
      "geometry": {
        "type": "Point",
        "coordinates": [
          -79.3718,
          43.6856
        ]
      },
      "properties": {
        "station_id": "7277",
        "name": "Chorley Park - SMART",
        "capacity": 20,
        "bikes_available": 4,
        "docks_available": 16,
        "fullness": 0.2
      }
    },
    {
      "type": "Feature",
      "geometry": {
        "type": "Point",
        "coordinates": [
          -79.33443,
          43.66587
        ]
      },
      "properties": {
        "station_id": "7278",
        "name": "Mallon Ave / Jones Ave -SMART",
        "capacity": 15,
        "bikes_available": 12,
        "docks_available": 3,
        "fullness": 0.8
      }
    },
    {
      "type": "Feature",
      "geometry": {
        "type": "Point",
        "coordinates": [
          -79.38906,
          43.687999
        ]
      },
      "properties": {
        "station_id": "7279",
        "name": "Rosehill Ave / Avoca Ave - SMART",
        "capacity": 16,
        "bikes_available": 0,
        "docks_available": 16,
        "fullness": 0
      }
    },
    {
      "type": "Feature",
      "geometry": {
        "type": "Point",
        "coordinates": [
          -79.38725,
          43.668427
        ]
      },
      "properties": {
        "station_id": "7281",
        "name": "Charles St W / Balmuto St - SMART",
        "capacity": 24,
        "bikes_available": 6,
        "docks_available": 16,
        "fullness": 0.25
      }
    },
    {
      "type": "Feature",
      "geometry": {
        "type": "Point",
        "coordinates": [
          -79.379856,
          43.650152
        ]
      },
      "properties": {
        "station_id": "7282",
        "name": "Adelaide St W / Bay St",
        "capacity": 23,
        "bikes_available": 8,
        "docks_available": 15,
        "fullness": 0.3478
      }
    },
    {
      "type": "Feature",
      "geometry": {
        "type": "Point",
        "coordinates": [
          -79.378761,
          43.64595
        ]
      },
      "properties": {
        "station_id": "7283",
        "name": "Front St W / Bay St (South Side)",
        "capacity": 19,
        "bikes_available": 5,
        "docks_available": 14,
        "fullness": 0.2632
      }
    },
    {
      "type": "Feature",
      "geometry": {
        "type": "Point",
        "coordinates": [
          -79.384793,
          43.647779
        ]
      },
      "properties": {
        "station_id": "7284",
        "name": "University Ave / King St W - SMART",
        "capacity": 24,
        "bikes_available": 8,
        "docks_available": 15,
        "fullness": 0.3333
      }
    },
    {
      "type": "Feature",
      "geometry": {
        "type": "Point",
        "coordinates": [
          -79.401845,
          43.662923
        ]
      },
      "properties": {
        "station_id": "7285",
        "name": "Spadina Ave / Harbord St - SMART",
        "capacity": 36,
        "bikes_available": 21,
        "docks_available": 15,
        "fullness": 0.5833
      }
    },
    {
      "type": "Feature",
      "geometry": {
        "type": "Point",
        "coordinates": [
          -79.352055,
          43.665656
        ]
      },
      "properties": {
        "station_id": "7286",
        "name": "Gerrard St E / Broadview Ave  - SMART",
        "capacity": 18,
        "bikes_available": 15,
        "docks_available": 3,
        "fullness": 0.8333
      }
    },
    {
      "type": "Feature",
      "geometry": {
        "type": "Point",
        "coordinates": [
          -79.337789,
          43.661673
        ]
      },
      "properties": {
        "station_id": "7287",
        "name": "Queen St E / Pape Ave - SMART",
        "capacity": 16,
        "bikes_available": 4,
        "docks_available": 2,
        "fullness": 0.25
      }
    },
    {
      "type": "Feature",
      "geometry": {
        "type": "Point",
        "coordinates": [
          -79.480284,
          43.622443
        ]
      },
      "properties": {
        "station_id": "7288",
        "name": "Humber Bay Shores Park West",
        "capacity": 31,
        "bikes_available": 6,
        "docks_available": 23,
        "fullness": 0.1935
      }
    },
    {
      "type": "Feature",
      "geometry": {
        "type": "Point",
        "coordinates": [
          -79.472262,
          43.630893
        ]
      },
      "properties": {
        "station_id": "7289",
        "name": "Humber Bay Shores Park East",
        "capacity": 23,
        "bikes_available": 7,
        "docks_available": 14,
        "fullness": 0.3043
      }
    },
    {
      "type": "Feature",
      "geometry": {
        "type": "Point",
        "coordinates": [
          -79.365208,
          43.645427
        ]
      },
      "properties": {
        "station_id": "7291",
        "name": "190 Queens Quay E",
        "capacity": 15,
        "bikes_available": 7,
        "docks_available": 8,
        "fullness": 0.4667
      }
    },
    {
      "type": "Feature",
      "geometry": {
        "type": "Point",
        "coordinates": [
          -79.378946,
          43.661461
        ]
      },
      "properties": {
        "station_id": "7292",
        "name": "Granby St / Church St - SMART",
        "capacity": 24,
        "bikes_available": 5,
        "docks_available": 19,
        "fullness": 0.2083
      }
    },
    {
      "type": "Feature",
      "geometry": {
        "type": "Point",
        "coordinates": [
          -79.43235,
          43.665327
        ]
      },
      "properties": {
        "station_id": "7296",
        "name": "Westmoreland Ave / Fernbank Ave",
        "capacity": 19,
        "bikes_available": 5,
        "docks_available": 14,
        "fullness": 0.2632
      }
    },
    {
      "type": "Feature",
      "geometry": {
        "type": "Point",
        "coordinates": [
          -79.43112,
          43.657343
        ]
      },
      "properties": {
        "station_id": "7297",
        "name": "Havelock St / Dufferin Park",
        "capacity": 19,
        "bikes_available": 9,
        "docks_available": 10,
        "fullness": 0.4737
      }
    },
    {
      "type": "Feature",
      "geometry": {
        "type": "Point",
        "coordinates": [
          -79.40345,
          43.645324
        ]
      },
      "properties": {
        "station_id": "7298",
        "name": "Bathurst St / Adelaide St W",
        "capacity": 25,
        "bikes_available": 0,
        "docks_available": 24,
        "fullness": 0
      }
    },
    {
      "type": "Feature",
      "geometry": {
        "type": "Point",
        "coordinates": [
          -79.36163,
          43.650256
        ]
      },
      "properties": {
        "station_id": "7299",
        "name": "Mill St / Parliament St",
        "capacity": 15,
        "bikes_available": 10,
        "docks_available": 5,
        "fullness": 0.6667
      }
    },
    {
      "type": "Feature",
      "geometry": {
        "type": "Point",
        "coordinates": [
          -79.445947,
          43.67142
        ]
      },
      "properties": {
        "station_id": "7301",
        "name": "Primrose Ave / Davenport Rd",
        "capacity": 15,
        "bikes_available": 0,
        "docks_available": 14,
        "fullness": 0
      }
    },
    {
      "type": "Feature",
      "geometry": {
        "type": "Point",
        "coordinates": [
          -79.430465,
          43.674923
        ]
      },
      "properties": {
        "station_id": "7302",
        "name": "Winona Dr / Davenport Rd",
        "capacity": 11,
        "bikes_available": 0,
        "docks_available": 11,
        "fullness": 0
      }
    },
    {
      "type": "Feature",
      "geometry": {
        "type": "Point",
        "coordinates": [
          -79.319796,
          43.665269
        ]
      },
      "properties": {
        "station_id": "7303",
        "name": "Queen St E / Woodward Ave",
        "capacity": 43,
        "bikes_available": 25,
        "docks_available": 17,
        "fullness": 0.5814
      }
    },
    {
      "type": "Feature",
      "geometry": {
        "type": "Point",
        "coordinates": [
          -79.317693,
          43.666224
        ]
      },
      "properties": {
        "station_id": "7309",
        "name": "Queen St E / Rhodes Ave",
        "capacity": 23,
        "bikes_available": 17,
        "docks_available": 6,
        "fullness": 0.7391
      }
    },
    {
      "type": "Feature",
      "geometry": {
        "type": "Point",
        "coordinates": [
          -79.375961,
          43.669576
        ]
      },
      "properties": {
        "station_id": "7311",
        "name": "Sherbourne St / Isabella St",
        "capacity": 19,
        "bikes_available": 4,
        "docks_available": 15,
        "fullness": 0.2105
      }
    },
    {
      "type": "Feature",
      "geometry": {
        "type": "Point",
        "coordinates": [
          -79.363525,
          43.66852
        ]
      },
      "properties": {
        "station_id": "7312",
        "name": "Amelia St / Sumach St",
        "capacity": 11,
        "bikes_available": 9,
        "docks_available": 2,
        "fullness": 0.8182
      }
    },
    {
      "type": "Feature",
      "geometry": {
        "type": "Point",
        "coordinates": [
          -79.315223,
          43.662771
        ]
      },
      "properties": {
        "station_id": "7313",
        "name": "Emdaabiimok Ave / Lake Shore Blvd E",
        "capacity": 29,
        "bikes_available": 7,
        "docks_available": 21,
        "fullness": 0.2414
      }
    },
    {
      "type": "Feature",
      "geometry": {
        "type": "Point",
        "coordinates": [
          -79.312315,
          43.667208
        ]
      },
      "properties": {
        "station_id": "7314",
        "name": "Queen St. E / Eastern Ave",
        "capacity": 15,
        "bikes_available": 13,
        "docks_available": 2,
        "fullness": 0.8667
      }
    },
    {
      "type": "Feature",
      "geometry": {
        "type": "Point",
        "coordinates": [
          -79.29451,
          43.671349
        ]
      },
      "properties": {
        "station_id": "7315",
        "name": "Queen St E / Hammersmith Ave",
        "capacity": 11,
        "bikes_available": 5,
        "docks_available": 6,
        "fullness": 0.4545
      }
    },
    {
      "type": "Feature",
      "geometry": {
        "type": "Point",
        "coordinates": [
          -79.289,
          43.672571
        ]
      },
      "properties": {
        "station_id": "7316",
        "name": "Queen St. E / Spruce Hill Rd.",
        "capacity": 15,
        "bikes_available": 14,
        "docks_available": 1,
        "fullness": 0.9333
      }
    },
    {
      "type": "Feature",
      "geometry": {
        "type": "Point",
        "coordinates": [
          -79.288949,
          43.669328
        ]
      },
      "properties": {
        "station_id": "7317",
        "name": "Hubbard Blvd / Balsam Av",
        "capacity": 39,
        "bikes_available": 20,
        "docks_available": 19,
        "fullness": 0.5128
      }
    },
    {
      "type": "Feature",
      "geometry": {
        "type": "Point",
        "coordinates": [
          -79.291162,
          43.668633
        ]
      },
      "properties": {
        "station_id": "7318",
        "name": "Hubbard Blvd / Glen Manor Dr",
        "capacity": 27,
        "bikes_available": 21,
        "docks_available": 6,
        "fullness": 0.7778
      }
    },
    {
      "type": "Feature",
      "geometry": {
        "type": "Point",
        "coordinates": [
          -79.3244,
          43.660206
        ]
      },
      "properties": {
        "station_id": "7319",
        "name": "Lake Shore Blvd E / Knox Ave",
        "capacity": 11,
        "bikes_available": 11,
        "docks_available": 0,
        "fullness": 1
      }
    },
    {
      "type": "Feature",
      "geometry": {
        "type": "Point",
        "coordinates": [
          -79.383176,
          43.645164
        ]
      },
      "properties": {
        "station_id": "7320",
        "name": "Front St W / University Ave (1)",
        "capacity": 19,
        "bikes_available": 19,
        "docks_available": 0,
        "fullness": 1
      }
    },
    {
      "type": "Feature",
      "geometry": {
        "type": "Point",
        "coordinates": [
          -79.382791,
          43.645297
        ]
      },
      "properties": {
        "station_id": "7321",
        "name": "Front St W / University Ave (2)",
        "capacity": 19,
        "bikes_available": 18,
        "docks_available": 1,
        "fullness": 0.9474
      }
    },
    {
      "type": "Feature",
      "geometry": {
        "type": "Point",
        "coordinates": [
          -79.411574,
          43.639278
        ]
      },
      "properties": {
        "station_id": "7322",
        "name": "East Liberty St / Western Battery Rd",
        "capacity": 19,
        "bikes_available": 9,
        "docks_available": 9,
        "fullness": 0.4737
      }
    },
    {
      "type": "Feature",
      "geometry": {
        "type": "Point",
        "coordinates": [
          -79.396074,
          43.645209
        ]
      },
      "properties": {
        "station_id": "7323",
        "name": "457 King St W",
        "capacity": 19,
        "bikes_available": 5,
        "docks_available": 14,
        "fullness": 0.2632
      }
    },
    {
      "type": "Feature",
      "geometry": {
        "type": "Point",
        "coordinates": [
          -79.39399,
          43.645572
        ]
      },
      "properties": {
        "station_id": "7324",
        "name": "King St W / Charlotte St",
        "capacity": 23,
        "bikes_available": 18,
        "docks_available": 4,
        "fullness": 0.7826
      }
    },
    {
      "type": "Feature",
      "geometry": {
        "type": "Point",
        "coordinates": [
          -79.44874,
          43.671526
        ]
      },
      "properties": {
        "station_id": "7326",
        "name": "Davenport Rd / Lansdowne Ave",
        "capacity": 19,
        "bikes_available": 5,
        "docks_available": 14,
        "fullness": 0.2632
      }
    },
    {
      "type": "Feature",
      "geometry": {
        "type": "Point",
        "coordinates": [
          -79.415345,
          43.645665
        ]
      },
      "properties": {
        "station_id": "7329",
        "name": "Crawford St / Queen St W",
        "capacity": 19,
        "bikes_available": 16,
        "docks_available": 2,
        "fullness": 0.8421
      }
    },
    {
      "type": "Feature",
      "geometry": {
        "type": "Point",
        "coordinates": [
          -79.328535,
          43.69595
        ]
      },
      "properties": {
        "station_id": "7331",
        "name": "Coxwell Ave / Plains Rd",
        "capacity": 19,
        "bikes_available": 4,
        "docks_available": 13,
        "fullness": 0.2105
      }
    },
    {
      "type": "Feature",
      "geometry": {
        "type": "Point",
        "coordinates": [
          -79.38117,
          43.671561
        ]
      },
      "properties": {
        "station_id": "7332",
        "name": "200 Bloor St E",
        "capacity": 23,
        "bikes_available": 2,
        "docks_available": 20,
        "fullness": 0.087
      }
    },
    {
      "type": "Feature",
      "geometry": {
        "type": "Point",
        "coordinates": [
          -79.37621,
          43.649579
        ]
      },
      "properties": {
        "station_id": "7333",
        "name": "King St E / Victoria St",
        "capacity": 19,
        "bikes_available": 16,
        "docks_available": 1,
        "fullness": 0.8421
      }
    },
    {
      "type": "Feature",
      "geometry": {
        "type": "Point",
        "coordinates": [
          -79.385577,
          43.64646
        ]
      },
      "properties": {
        "station_id": "7334",
        "name": "Simcoe St / Wellington St W (North)",
        "capacity": 15,
        "bikes_available": 10,
        "docks_available": 4,
        "fullness": 0.6667
      }
    },
    {
      "type": "Feature",
      "geometry": {
        "type": "Point",
        "coordinates": [
          -79.3894,
          43.669244
        ]
      },
      "properties": {
        "station_id": "7335",
        "name": "Bay St / Bloor St W (West Side)",
        "capacity": 19,
        "bikes_available": 11,
        "docks_available": 8,
        "fullness": 0.5789
      }
    },
    {
      "type": "Feature",
      "geometry": {
        "type": "Point",
        "coordinates": [
          -79.327987,
          43.663912
        ]
      },
      "properties": {
        "station_id": "7336",
        "name": "Queen St E / Alton Av",
        "capacity": 19,
        "bikes_available": 18,
        "docks_available": 1,
        "fullness": 0.9474
      }
    },
    {
      "type": "Feature",
      "geometry": {
        "type": "Point",
        "coordinates": [
          -79.338673,
          43.668553
        ]
      },
      "properties": {
        "station_id": "7337",
        "name": "Gerrard Square Mall (1010 Gerrard St E)",
        "capacity": 23,
        "bikes_available": 23,
        "docks_available": 0,
        "fullness": 1
      }
    },
    {
      "type": "Feature",
      "geometry": {
        "type": "Point",
        "coordinates": [
          -79.347056,
          43.672027
        ]
      },
      "properties": {
        "station_id": "7338",
        "name": "Logan Ave / Bain Ave",
        "capacity": 19,
        "bikes_available": 15,
        "docks_available": 4,
        "fullness": 0.7895
      }
    },
    {
      "type": "Feature",
      "geometry": {
        "type": "Point",
        "coordinates": [
          -79.346279,
          43.675319
        ]
      },
      "properties": {
        "station_id": "7339",
        "name": "Carlaw Ave / Strathcona Ave",
        "capacity": 15,
        "bikes_available": 13,
        "docks_available": 1,
        "fullness": 0.8667
      }
    },
    {
      "type": "Feature",
      "geometry": {
        "type": "Point",
        "coordinates": [
          -79.338259,
          43.672453
        ]
      },
      "properties": {
        "station_id": "7340",
        "name": "Blake St / Boultbee Ave",
        "capacity": 15,
        "bikes_available": 3,
        "docks_available": 12,
        "fullness": 0.2
      }
    },
    {
      "type": "Feature",
      "geometry": {
        "type": "Point",
        "coordinates": [
          -79.33484,
          43.659209
        ]
      },
      "properties": {
        "station_id": "7341",
        "name": "Eastern Ave / Winnifred Ave",
        "capacity": 14,
        "bikes_available": 14,
        "docks_available": 0,
        "fullness": 1
      }
    },
    {
      "type": "Feature",
      "geometry": {
        "type": "Point",
        "coordinates": [
          -79.340075,
          43.657991
        ]
      },
      "properties": {
        "station_id": "7342",
        "name": "Morse St / Eastern Ave",
        "capacity": 11,
        "bikes_available": 7,
        "docks_available": 4,
        "fullness": 0.6364
      }
    },
    {
      "type": "Feature",
      "geometry": {
        "type": "Point",
        "coordinates": [
          -79.329408,
          43.66745
        ]
      },
      "properties": {
        "station_id": "7343",
        "name": "Alton Ave / Dundas St E (Greenwood Park)",
        "capacity": 43,
        "bikes_available": 26,
        "docks_available": 17,
        "fullness": 0.6047
      }
    },
    {
      "type": "Feature",
      "geometry": {
        "type": "Point",
        "coordinates": [
          -79.345359,
          43.637764
        ]
      },
      "properties": {
        "station_id": "7344",
        "name": "Cherry Beach",
        "capacity": 49,
        "bikes_available": 35,
        "docks_available": 14,
        "fullness": 0.7143
      }
    },
    {
      "type": "Feature",
      "geometry": {
        "type": "Point",
        "coordinates": [
          -79.342907,
          43.640835
        ]
      },
      "properties": {
        "station_id": "7345",
        "name": "Cherry Beach Sports Fields (55 Unwin Ave)",
        "capacity": 31,
        "bikes_available": 18,
        "docks_available": 13,
        "fullness": 0.5806
      }
    },
    {
      "type": "Feature",
      "geometry": {
        "type": "Point",
        "coordinates": [
          -79.34527,
          43.667214
        ]
      },
      "properties": {
        "station_id": "7346",
        "name": "Logan Ave / Gerrard St E",
        "capacity": 23,
        "bikes_available": 23,
        "docks_available": 0,
        "fullness": 1
      }
    },
    {
      "type": "Feature",
      "geometry": {
        "type": "Point",
        "coordinates": [
          -79.441159,
          43.673939
        ]
      },
      "properties": {
        "station_id": "7347",
        "name": "Regal Rd / Dufferin St",
        "capacity": 15,
        "bikes_available": 1,
        "docks_available": 13,
        "fullness": 0.0667
      }
    },
    {
      "type": "Feature",
      "geometry": {
        "type": "Point",
        "coordinates": [
          -79.350119,
          43.690237
        ]
      },
      "properties": {
        "station_id": "7348",
        "name": "Pape Ave / Gamble Ave",
        "capacity": 19,
        "bikes_available": 13,
        "docks_available": 6,
        "fullness": 0.6842
      }
    },
    {
      "type": "Feature",
      "geometry": {
        "type": "Point",
        "coordinates": [
          -79.35438,
          43.689211
        ]
      },
      "properties": {
        "station_id": "7349",
        "name": "Gamble Ave / Broadview Ave",
        "capacity": 23,
        "bikes_available": 3,
        "docks_available": 19,
        "fullness": 0.1304
      }
    },
    {
      "type": "Feature",
      "geometry": {
        "type": "Point",
        "coordinates": [
          -79.356602,
          43.684865
        ]
      },
      "properties": {
        "station_id": "7350",
        "name": "Broadview Ave / Westwood Ave",
        "capacity": 23,
        "bikes_available": 8,
        "docks_available": 15,
        "fullness": 0.3478
      }
    },
    {
      "type": "Feature",
      "geometry": {
        "type": "Point",
        "coordinates": [
          -79.35822,
          43.678321
        ]
      },
      "properties": {
        "station_id": "7351",
        "name": "Pretoria Ave / Broadview Ave",
        "capacity": 19,
        "bikes_available": 6,
        "docks_available": 13,
        "fullness": 0.3158
      }
    },
    {
      "type": "Feature",
      "geometry": {
        "type": "Point",
        "coordinates": [
          -79.341307,
          43.690537
        ]
      },
      "properties": {
        "station_id": "7352",
        "name": "Cosburn Ave / Donlands Ave",
        "capacity": 19,
        "bikes_available": 10,
        "docks_available": 8,
        "fullness": 0.5263
      }
    },
    {
      "type": "Feature",
      "geometry": {
        "type": "Point",
        "coordinates": [
          -79.347046,
          43.68395
        ]
      },
      "properties": {
        "station_id": "7353",
        "name": "Fulton Ave / Pape Ave",
        "capacity": 19,
        "bikes_available": 3,
        "docks_available": 16,
        "fullness": 0.1579
      }
    },
    {
      "type": "Feature",
      "geometry": {
        "type": "Point",
        "coordinates": [
          -79.322954,
          43.652227
        ]
      },
      "properties": {
        "station_id": "7354",
        "name": "Tommy Thompson Park (Leslie Street Spit)",
        "capacity": 31,
        "bikes_available": 15,
        "docks_available": 16,
        "fullness": 0.4839
      }
    },
    {
      "type": "Feature",
      "geometry": {
        "type": "Point",
        "coordinates": [
          -79.419793,
          43.703634
        ]
      },
      "properties": {
        "station_id": "7355",
        "name": "Beltline Trail / Chaplin Cres",
        "capacity": 11,
        "bikes_available": 1,
        "docks_available": 10,
        "fullness": 0.0909
      }
    },
    {
      "type": "Feature",
      "geometry": {
        "type": "Point",
        "coordinates": [
          -79.3649,
          43.651885
        ]
      },
      "properties": {
        "station_id": "7356",
        "name": "King St E / Berkeley St",
        "capacity": 31,
        "bikes_available": 31,
        "docks_available": 0,
        "fullness": 1
      }
    },
    {
      "type": "Feature",
      "geometry": {
        "type": "Point",
        "coordinates": [
          -79.329196,
          43.659195
        ]
      },
      "properties": {
        "station_id": "7357",
        "name": "Lake Shore Blvd E / Leslie St",
        "capacity": 19,
        "bikes_available": 16,
        "docks_available": 3,
        "fullness": 0.8421
      }
    },
    {
      "type": "Feature",
      "geometry": {
        "type": "Point",
        "coordinates": [
          -79.395378,
          43.660387
        ]
      },
      "properties": {
        "station_id": "7358",
        "name": "Gailbraith Rd / King's College Rd",
        "capacity": 17,
        "bikes_available": 16,
        "docks_available": 0,
        "fullness": 0.9412
      }
    },
    {
      "type": "Feature",
      "geometry": {
        "type": "Point",
        "coordinates": [
          -79.377557,
          43.682645
        ]
      },
      "properties": {
        "station_id": "7359",
        "name": "Rosedale Park (20 Scholfield Ave)",
        "capacity": 23,
        "bikes_available": 1,
        "docks_available": 22,
        "fullness": 0.0435
      }
    },
    {
      "type": "Feature",
      "geometry": {
        "type": "Point",
        "coordinates": [
          -79.424911,
          43.656945
        ]
      },
      "properties": {
        "station_id": "7360",
        "name": "Concord Ave / Dewson St",
        "capacity": 17,
        "bikes_available": 1,
        "docks_available": 15,
        "fullness": 0.0588
      }
    },
    {
      "type": "Feature",
      "geometry": {
        "type": "Point",
        "coordinates": [
          -79.418472,
          43.681735
        ]
      },
      "properties": {
        "station_id": "7361",
        "name": "Hocken Ave / Vaughan Rd",
        "capacity": 19,
        "bikes_available": 2,
        "docks_available": 17,
        "fullness": 0.1053
      }
    },
    {
      "type": "Feature",
      "geometry": {
        "type": "Point",
        "coordinates": [
          -79.418734,
          43.683296
        ]
      },
      "properties": {
        "station_id": "7362",
        "name": "St. Clair Ave W / Bathurst St",
        "capacity": 19,
        "bikes_available": 9,
        "docks_available": 9,
        "fullness": 0.4737
      }
    },
    {
      "type": "Feature",
      "geometry": {
        "type": "Point",
        "coordinates": [
          -79.41562,
          43.683351
        ]
      },
      "properties": {
        "station_id": "7363",
        "name": "Wells Hill Ave / St. Clair Ave W",
        "capacity": 15,
        "bikes_available": 1,
        "docks_available": 14,
        "fullness": 0.0667
      }
    },
    {
      "type": "Feature",
      "geometry": {
        "type": "Point",
        "coordinates": [
          -79.281455,
          43.673831
        ]
      },
      "properties": {
        "station_id": "7364",
        "name": "Queen St E / Nursewood Rd",
        "capacity": 35,
        "bikes_available": 26,
        "docks_available": 7,
        "fullness": 0.7429
      }
    },
    {
      "type": "Feature",
      "geometry": {
        "type": "Point",
        "coordinates": [
          -79.3014,
          43.666325
        ]
      },
      "properties": {
        "station_id": "7365",
        "name": "Kewbeach Ave / Kenilworth Ave",
        "capacity": 61,
        "bikes_available": 40,
        "docks_available": 20,
        "fullness": 0.6557
      }
    },
    {
      "type": "Feature",
      "geometry": {
        "type": "Point",
        "coordinates": [
          -79.399792,
          43.639052
        ]
      },
      "properties": {
        "station_id": "7366",
        "name": "Fort York Blvd / Bathurst St - SMART",
        "capacity": 20,
        "bikes_available": 12,
        "docks_available": 8,
        "fullness": 0.6
      }
    },
    {
      "type": "Feature",
      "geometry": {
        "type": "Point",
        "coordinates": [
          -79.42822,
          43.644862
        ]
      },
      "properties": {
        "station_id": "7367",
        "name": "Alma Ave / Gladstone Ave SMART",
        "capacity": 15,
        "bikes_available": 9,
        "docks_available": 6,
        "fullness": 0.6
      }
    },
    {
      "type": "Feature",
      "geometry": {
        "type": "Point",
        "coordinates": [
          -79.42668,
          43.649347
        ]
      },
      "properties": {
        "station_id": "7368",
        "name": "Lisgar St / Dundas St W - SMART",
        "capacity": 8,
        "bikes_available": 5,
        "docks_available": 3,
        "fullness": 0.625
      }
    },
    {
      "type": "Feature",
      "geometry": {
        "type": "Point",
        "coordinates": [
          -79.40161,
          43.706347
        ]
      },
      "properties": {
        "station_id": "7371",
        "name": "Eglinton Ave W / Henning Ave SMART",
        "capacity": 20,
        "bikes_available": 5,
        "docks_available": 15,
        "fullness": 0.25
      }
    },
    {
      "type": "Feature",
      "geometry": {
        "type": "Point",
        "coordinates": [
          -79.3707,
          43.650955
        ]
      },
      "properties": {
        "station_id": "7373",
        "name": "George St / King St E",
        "capacity": 15,
        "bikes_available": 10,
        "docks_available": 4,
        "fullness": 0.6667
      }
    },
    {
      "type": "Feature",
      "geometry": {
        "type": "Point",
        "coordinates": [
          -79.36839,
          43.648725
        ]
      },
      "properties": {
        "station_id": "7374",
        "name": "Frederick St / The Esplanade",
        "capacity": 19,
        "bikes_available": 16,
        "docks_available": 3,
        "fullness": 0.8421
      }
    },
    {
      "type": "Feature",
      "geometry": {
        "type": "Point",
        "coordinates": [
          -79.37549,
          43.647662
        ]
      },
      "properties": {
        "station_id": "7375",
        "name": "Front St E / Scott St",
        "capacity": 11,
        "bikes_available": 9,
        "docks_available": 2,
        "fullness": 0.8182
      }
    },
    {
      "type": "Feature",
      "geometry": {
        "type": "Point",
        "coordinates": [
          -79.40045,
          43.696708
        ]
      },
      "properties": {
        "station_id": "7376",
        "name": "Frobisher Ave / Lascelles Blvd",
        "capacity": 19,
        "bikes_available": 1,
        "docks_available": 18,
        "fullness": 0.0526
      }
    },
    {
      "type": "Feature",
      "geometry": {
        "type": "Point",
        "coordinates": [
          -79.39419,
          43.69787
        ]
      },
      "properties": {
        "station_id": "7377",
        "name": "Balliol St / Yonge St - SMART",
        "capacity": 36,
        "bikes_available": 17,
        "docks_available": 16,
        "fullness": 0.4722
      }
    },
    {
      "type": "Feature",
      "geometry": {
        "type": "Point",
        "coordinates": [
          -79.39654,
          43.697597
        ]
      },
      "properties": {
        "station_id": "7378",
        "name": "Yonge St / Davisville Ave",
        "capacity": 15,
        "bikes_available": 3,
        "docks_available": 11,
        "fullness": 0.2
      }
    },
    {
      "type": "Feature",
      "geometry": {
        "type": "Point",
        "coordinates": [
          -79.39535,
          43.691067
        ]
      },
      "properties": {
        "station_id": "7379",
        "name": "Lawton Blvd / Yonge St",
        "capacity": 15,
        "bikes_available": 2,
        "docks_available": 13,
        "fullness": 0.1333
      }
    },
    {
      "type": "Feature",
      "geometry": {
        "type": "Point",
        "coordinates": [
          -79.39894,
          43.711215
        ]
      },
      "properties": {
        "station_id": "7380",
        "name": "Erskine Ave / Yonge St SMART",
        "capacity": 16,
        "bikes_available": 3,
        "docks_available": 13,
        "fullness": 0.1875
      }
    },
    {
      "type": "Feature",
      "geometry": {
        "type": "Point",
        "coordinates": [
          -79.398862,
          43.708358
        ]
      },
      "properties": {
        "station_id": "7381",
        "name": "Yonge St / Orchard View Blvd",
        "capacity": 35,
        "bikes_available": 12,
        "docks_available": 22,
        "fullness": 0.3429
      }
    },
    {
      "type": "Feature",
      "geometry": {
        "type": "Point",
        "coordinates": [
          -79.38632,
          43.64813
        ]
      },
      "properties": {
        "station_id": "7382",
        "name": "Simcoe St / Adelaide St W",
        "capacity": 27,
        "bikes_available": 3,
        "docks_available": 24,
        "fullness": 0.1111
      }
    },
    {
      "type": "Feature",
      "geometry": {
        "type": "Point",
        "coordinates": [
          -79.3762,
          43.642564
        ]
      },
      "properties": {
        "station_id": "7383",
        "name": "12 Harbour St",
        "capacity": 15,
        "bikes_available": 4,
        "docks_available": 9,
        "fullness": 0.2667
      }
    },
    {
      "type": "Feature",
      "geometry": {
        "type": "Point",
        "coordinates": [
          -79.39014,
          43.670454
        ]
      },
      "properties": {
        "station_id": "7384",
        "name": "Cumberland St / Bay St -  SMART",
        "capacity": 9,
        "bikes_available": 7,
        "docks_available": 2,
        "fullness": 0.7778
      }
    },
    {
      "type": "Feature",
      "geometry": {
        "type": "Point",
        "coordinates": [
          -79.38551,
          43.66911
        ]
      },
      "properties": {
        "station_id": "7385",
        "name": "20 Charles St E",
        "capacity": 33,
        "bikes_available": 19,
        "docks_available": 2,
        "fullness": 0.5758
      }
    },
    {
      "type": "Feature",
      "geometry": {
        "type": "Point",
        "coordinates": [
          -79.39201,
          43.655227
        ]
      },
      "properties": {
        "station_id": "7386",
        "name": "D'Arcy St / McCaul St - SMART",
        "capacity": 16,
        "bikes_available": 10,
        "docks_available": 5,
        "fullness": 0.625
      }
    },
    {
      "type": "Feature",
      "geometry": {
        "type": "Point",
        "coordinates": [
          -79.34962,
          43.685167
        ]
      },
      "properties": {
        "station_id": "7387",
        "name": "Mortimer Ave / Carlaw Ave SMART",
        "capacity": 12,
        "bikes_available": 3,
        "docks_available": 8,
        "fullness": 0.25
      }
    },
    {
      "type": "Feature",
      "geometry": {
        "type": "Point",
        "coordinates": [
          -79.35858,
          43.6772
        ]
      },
      "properties": {
        "station_id": "7388",
        "name": "Broadview Subway Station",
        "capacity": 15,
        "bikes_available": 2,
        "docks_available": 12,
        "fullness": 0.1333
      }
    },
    {
      "type": "Feature",
      "geometry": {
        "type": "Point",
        "coordinates": [
          -79.383518,
          43.658938
        ]
      },
      "properties": {
        "station_id": "7389",
        "name": "College Park - Gerrard Entrance",
        "capacity": 25,
        "bikes_available": 13,
        "docks_available": 11,
        "fullness": 0.52
      }
    },
    {
      "type": "Feature",
      "geometry": {
        "type": "Point",
        "coordinates": [
          -79.3802,
          43.655766
        ]
      },
      "properties": {
        "station_id": "7391",
        "name": "Yonge St / Dundas Sq",
        "capacity": 31,
        "bikes_available": 7,
        "docks_available": 24,
        "fullness": 0.2258
      }
    },
    {
      "type": "Feature",
      "geometry": {
        "type": "Point",
        "coordinates": [
          -79.291416,
          43.694341
        ]
      },
      "properties": {
        "station_id": "7395",
        "name": "Dentonia Park",
        "capacity": 23,
        "bikes_available": 4,
        "docks_available": 19,
        "fullness": 0.1739
      }
    },
    {
      "type": "Feature",
      "geometry": {
        "type": "Point",
        "coordinates": [
          -79.380723,
          43.641952
        ]
      },
      "properties": {
        "station_id": "7398",
        "name": "York St / Lake Shore Blvd W",
        "capacity": 19,
        "bikes_available": 15,
        "docks_available": 3,
        "fullness": 0.7895
      }
    },
    {
      "type": "Feature",
      "geometry": {
        "type": "Point",
        "coordinates": [
          -79.36927,
          43.64422
        ]
      },
      "properties": {
        "station_id": "7399",
        "name": "Lower Jarvis St / Queens Quay E",
        "capacity": 19,
        "bikes_available": 16,
        "docks_available": 3,
        "fullness": 0.8421
      }
    },
    {
      "type": "Feature",
      "geometry": {
        "type": "Point",
        "coordinates": [
          -79.354006,
          43.641675
        ]
      },
      "properties": {
        "station_id": "7400",
        "name": "Polson Pier",
        "capacity": 23,
        "bikes_available": 1,
        "docks_available": 22,
        "fullness": 0.0435
      }
    },
    {
      "type": "Feature",
      "geometry": {
        "type": "Point",
        "coordinates": [
          -79.40355,
          43.70547
        ]
      },
      "properties": {
        "station_id": "7403",
        "name": "Lascelles Blvd / Eglinton Ave W",
        "capacity": 19,
        "bikes_available": 8,
        "docks_available": 11,
        "fullness": 0.4211
      }
    },
    {
      "type": "Feature",
      "geometry": {
        "type": "Point",
        "coordinates": [
          -79.39139,
          43.70942
        ]
      },
      "properties": {
        "station_id": "7404",
        "name": "Roehampton Ave / Mount Pleasant Rd",
        "capacity": 19,
        "bikes_available": 4,
        "docks_available": 13,
        "fullness": 0.2105
      }
    },
    {
      "type": "Feature",
      "geometry": {
        "type": "Point",
        "coordinates": [
          -79.386727,
          43.650524
        ]
      },
      "properties": {
        "station_id": "7407",
        "name": "University Ave / Queen St W",
        "capacity": 23,
        "bikes_available": 10,
        "docks_available": 12,
        "fullness": 0.4348
      }
    },
    {
      "type": "Feature",
      "geometry": {
        "type": "Point",
        "coordinates": [
          -79.38235,
          43.66834
        ]
      },
      "properties": {
        "station_id": "7409",
        "name": "Isabella St / Church St",
        "capacity": 27,
        "bikes_available": 11,
        "docks_available": 15,
        "fullness": 0.4074
      }
    },
    {
      "type": "Feature",
      "geometry": {
        "type": "Point",
        "coordinates": [
          -79.372127,
          43.671278
        ]
      },
      "properties": {
        "station_id": "7410",
        "name": "Howard St / Rose Ave",
        "capacity": 19,
        "bikes_available": 6,
        "docks_available": 12,
        "fullness": 0.3158
      }
    },
    {
      "type": "Feature",
      "geometry": {
        "type": "Point",
        "coordinates": [
          -79.399505,
          43.635023
        ]
      },
      "properties": {
        "station_id": "7411",
        "name": "Little Norway Park",
        "capacity": 23,
        "bikes_available": 10,
        "docks_available": 10,
        "fullness": 0.4348
      }
    },
    {
      "type": "Feature",
      "geometry": {
        "type": "Point",
        "coordinates": [
          -79.413115,
          43.641785
        ]
      },
      "properties": {
        "station_id": "7412",
        "name": "King St W / Crawford St",
        "capacity": 23,
        "bikes_available": 18,
        "docks_available": 5,
        "fullness": 0.7826
      }
    },
    {
      "type": "Feature",
      "geometry": {
        "type": "Point",
        "coordinates": [
          -79.46418,
          43.66402
        ]
      },
      "properties": {
        "station_id": "7414",
        "name": "Keele St / Annette St",
        "capacity": 15,
        "bikes_available": 1,
        "docks_available": 13,
        "fullness": 0.0667
      }
    },
    {
      "type": "Feature",
      "geometry": {
        "type": "Point",
        "coordinates": [
          -79.46526,
          43.66686
        ]
      },
      "properties": {
        "station_id": "7415",
        "name": "Keele St / Vine Ave",
        "capacity": 23,
        "bikes_available": 4,
        "docks_available": 19,
        "fullness": 0.1739
      }
    },
    {
      "type": "Feature",
      "geometry": {
        "type": "Point",
        "coordinates": [
          -79.393295,
          43.641705
        ]
      },
      "properties": {
        "station_id": "7416",
        "name": "Spadina Ave / Blue Jays Way",
        "capacity": 31,
        "bikes_available": 10,
        "docks_available": 21,
        "fullness": 0.3226
      }
    },
    {
      "type": "Feature",
      "geometry": {
        "type": "Point",
        "coordinates": [
          -79.378623,
          43.648928
        ]
      },
      "properties": {
        "station_id": "7417",
        "name": "King St W / Jordan St",
        "capacity": 11,
        "bikes_available": 9,
        "docks_available": 2,
        "fullness": 0.8182
      }
    },
    {
      "type": "Feature",
      "geometry": {
        "type": "Point",
        "coordinates": [
          -79.38279,
          43.65988
        ]
      },
      "properties": {
        "station_id": "7418",
        "name": "College Park - Yonge St Entrance",
        "capacity": 25,
        "bikes_available": 5,
        "docks_available": 20,
        "fullness": 0.2
      }
    },
    {
      "type": "Feature",
      "geometry": {
        "type": "Point",
        "coordinates": [
          -79.401805,
          43.667023
        ]
      },
      "properties": {
        "station_id": "7419",
        "name": "Bloor St W / Huron St",
        "capacity": 27,
        "bikes_available": 1,
        "docks_available": 26,
        "fullness": 0.037
      }
    },
    {
      "type": "Feature",
      "geometry": {
        "type": "Point",
        "coordinates": [
          -79.410585,
          43.66842
        ]
      },
      "properties": {
        "station_id": "7420",
        "name": "Barton Ave / Howland Ave - SMART",
        "capacity": 27,
        "bikes_available": 1,
        "docks_available": 25,
        "fullness": 0.037
      }
    },
    {
      "type": "Feature",
      "geometry": {
        "type": "Point",
        "coordinates": [
          -79.429142,
          43.638426
        ]
      },
      "properties": {
        "station_id": "7422",
        "name": "Tyndall Ave / King St W - SMART",
        "capacity": 16,
        "bikes_available": 15,
        "docks_available": 1,
        "fullness": 0.9375
      }
    },
    {
      "type": "Feature",
      "geometry": {
        "type": "Point",
        "coordinates": [
          -79.47307,
          43.63632
        ]
      },
      "properties": {
        "station_id": "7425",
        "name": "The Queensway at South Kingsway",
        "capacity": 23,
        "bikes_available": 15,
        "docks_available": 7,
        "fullness": 0.6522
      }
    },
    {
      "type": "Feature",
      "geometry": {
        "type": "Point",
        "coordinates": [
          -79.309765,
          43.663162
        ]
      },
      "properties": {
        "station_id": "7427",
        "name": "Northern Dancer Blvd / Lake Shore Blvd E",
        "capacity": 41,
        "bikes_available": 9,
        "docks_available": 32,
        "fullness": 0.2195
      }
    },
    {
      "type": "Feature",
      "geometry": {
        "type": "Point",
        "coordinates": [
          -79.304711,
          43.665645
        ]
      },
      "properties": {
        "station_id": "7428",
        "name": "Woodbine Ave / Lake Shore Blvd E",
        "capacity": 43,
        "bikes_available": 27,
        "docks_available": 16,
        "fullness": 0.6279
      }
    },
    {
      "type": "Feature",
      "geometry": {
        "type": "Point",
        "coordinates": [
          -79.313404,
          43.686442
        ]
      },
      "properties": {
        "station_id": "7429",
        "name": "Woodbine Subway Station",
        "capacity": 15,
        "bikes_available": 2,
        "docks_available": 13,
        "fullness": 0.1333
      }
    },
    {
      "type": "Feature",
      "geometry": {
        "type": "Point",
        "coordinates": [
          -79.437461,
          43.633537
        ]
      },
      "properties": {
        "station_id": "7430",
        "name": "Marilyn Bell Park Tennis Court",
        "capacity": 27,
        "bikes_available": 1,
        "docks_available": 24,
        "fullness": 0.037
      }
    },
    {
      "type": "Feature",
      "geometry": {
        "type": "Point",
        "coordinates": [
          -79.3335,
          43.669813
        ]
      },
      "properties": {
        "station_id": "7431",
        "name": "Gerrard St E / Leslie St",
        "capacity": 25,
        "bikes_available": 24,
        "docks_available": 1,
        "fullness": 0.96
      }
    },
    {
      "type": "Feature",
      "geometry": {
        "type": "Point",
        "coordinates": [
          -79.369411,
          43.651118
        ]
      },
      "properties": {
        "station_id": "7432",
        "name": "Frederick St / King St E",
        "capacity": 47,
        "bikes_available": 21,
        "docks_available": 24,
        "fullness": 0.4468
      }
    },
    {
      "type": "Feature",
      "geometry": {
        "type": "Point",
        "coordinates": [
          -79.347938,
          43.663148
        ]
      },
      "properties": {
        "station_id": "7433",
        "name": "Dundas St E / Boulton Ave - SMART",
        "capacity": 16,
        "bikes_available": 15,
        "docks_available": 1,
        "fullness": 0.9375
      }
    },
    {
      "type": "Feature",
      "geometry": {
        "type": "Point",
        "coordinates": [
          -79.44503,
          43.67665
        ]
      },
      "properties": {
        "station_id": "7434",
        "name": "91 Via Italia",
        "capacity": 39,
        "bikes_available": 34,
        "docks_available": 1,
        "fullness": 0.8718
      }
    },
    {
      "type": "Feature",
      "geometry": {
        "type": "Point",
        "coordinates": [
          -79.4277,
          43.68114
        ]
      },
      "properties": {
        "station_id": "7435",
        "name": "Rushton Rd / St. Clair Ave W",
        "capacity": 11,
        "bikes_available": 2,
        "docks_available": 8,
        "fullness": 0.1818
      }
    },
    {
      "type": "Feature",
      "geometry": {
        "type": "Point",
        "coordinates": [
          -79.42679,
          43.66189
        ]
      },
      "properties": {
        "station_id": "7437",
        "name": "Concord Ave / Bloor St W",
        "capacity": 15,
        "bikes_available": 2,
        "docks_available": 11,
        "fullness": 0.1333
      }
    },
    {
      "type": "Feature",
      "geometry": {
        "type": "Point",
        "coordinates": [
          -79.4675,
          43.65389
        ]
      },
      "properties": {
        "station_id": "7438",
        "name": "Gothic Ave / Quebec Ave",
        "capacity": 19,
        "bikes_available": 1,
        "docks_available": 18,
        "fullness": 0.0526
      }
    },
    {
      "type": "Feature",
      "geometry": {
        "type": "Point",
        "coordinates": [
          -79.46478,
          43.65716
        ]
      },
      "properties": {
        "station_id": "7441",
        "name": "Pacific Ave / Glenlake Ave",
        "capacity": 23,
        "bikes_available": 14,
        "docks_available": 9,
        "fullness": 0.6087
      }
    },
    {
      "type": "Feature",
      "geometry": {
        "type": "Point",
        "coordinates": [
          -79.412903,
          43.688526
        ]
      },
      "properties": {
        "station_id": "7442",
        "name": "Lonsdale Rd / Spadina Rd",
        "capacity": 15,
        "bikes_available": 0,
        "docks_available": 14,
        "fullness": 0
      }
    },
    {
      "type": "Feature",
      "geometry": {
        "type": "Point",
        "coordinates": [
          -79.47149,
          43.66073
        ]
      },
      "properties": {
        "station_id": "7444",
        "name": "Clendenan Ave / Rowland St - SMART",
        "capacity": 20,
        "bikes_available": 17,
        "docks_available": 3,
        "fullness": 0.85
      }
    },
    {
      "type": "Feature",
      "geometry": {
        "type": "Point",
        "coordinates": [
          -79.318651,
          43.673118
        ]
      },
      "properties": {
        "station_id": "7445",
        "name": "Eastwood Rd / Coxwell Ave",
        "capacity": 19,
        "bikes_available": 19,
        "docks_available": 0,
        "fullness": 1
      }
    },
    {
      "type": "Feature",
      "geometry": {
        "type": "Point",
        "coordinates": [
          -79.3149,
          43.66908
        ]
      },
      "properties": {
        "station_id": "7446",
        "name": "Orchard Park",
        "capacity": 25,
        "bikes_available": 23,
        "docks_available": 2,
        "fullness": 0.92
      }
    },
    {
      "type": "Feature",
      "geometry": {
        "type": "Point",
        "coordinates": [
          -79.295895,
          43.689293
        ]
      },
      "properties": {
        "station_id": "7447",
        "name": "Trent Ave / Danforth Ave",
        "capacity": 23,
        "bikes_available": 1,
        "docks_available": 21,
        "fullness": 0.0435
      }
    },
    {
      "type": "Feature",
      "geometry": {
        "type": "Point",
        "coordinates": [
          -79.295208,
          43.694826
        ]
      },
      "properties": {
        "station_id": "7448",
        "name": "Goodwood Park Crt / Dentonia Park",
        "capacity": 19,
        "bikes_available": 2,
        "docks_available": 16,
        "fullness": 0.1053
      }
    },
    {
      "type": "Feature",
      "geometry": {
        "type": "Point",
        "coordinates": [
          -79.31469,
          43.697139
        ]
      },
      "properties": {
        "station_id": "7449",
        "name": "Cosburn Ave / Cedarvale Ave",
        "capacity": 15,
        "bikes_available": 8,
        "docks_available": 7,
        "fullness": 0.5333
      }
    },
    {
      "type": "Feature",
      "geometry": {
        "type": "Point",
        "coordinates": [
          -79.347097,
          43.678248
        ]
      },
      "properties": {
        "station_id": "7450",
        "name": "Carlaw Ave / Danforth Ave",
        "capacity": 15,
        "bikes_available": 14,
        "docks_available": 1,
        "fullness": 0.9333
      }
    },
    {
      "type": "Feature",
      "geometry": {
        "type": "Point",
        "coordinates": [
          -79.414156,
          43.640075
        ]
      },
      "properties": {
        "station_id": "7451",
        "name": "Western Battery Rd / Pirandello St",
        "capacity": 31,
        "bikes_available": 19,
        "docks_available": 10,
        "fullness": 0.6129
      }
    },
    {
      "type": "Feature",
      "geometry": {
        "type": "Point",
        "coordinates": [
          -79.374495,
          43.669232
        ]
      },
      "properties": {
        "station_id": "7452",
        "name": "Bleecker St / St James Ave",
        "capacity": 23,
        "bikes_available": 1,
        "docks_available": 22,
        "fullness": 0.0435
      }
    },
    {
      "type": "Feature",
      "geometry": {
        "type": "Point",
        "coordinates": [
          -79.37726,
          43.664769
        ]
      },
      "properties": {
        "station_id": "7453",
        "name": "Jarvis St / Maitland Pl",
        "capacity": 17,
        "bikes_available": 2,
        "docks_available": 15,
        "fullness": 0.1176
      }
    },
    {
      "type": "Feature",
      "geometry": {
        "type": "Point",
        "coordinates": [
          -79.362101,
          43.688148
        ]
      },
      "properties": {
        "station_id": "7454",
        "name": "Pottery Rd / Lower Don River Trail",
        "capacity": 15,
        "bikes_available": 9,
        "docks_available": 4,
        "fullness": 0.6
      }
    },
    {
      "type": "Feature",
      "geometry": {
        "type": "Point",
        "coordinates": [
          -79.351246,
          43.715951
        ]
      },
      "properties": {
        "station_id": "7455",
        "name": "E.T. Seton Park (Eglinton Ave E / Leslie St)",
        "capacity": 27,
        "bikes_available": 3,
        "docks_available": 23,
        "fullness": 0.1111
      }
    },
    {
      "type": "Feature",
      "geometry": {
        "type": "Point",
        "coordinates": [
          -79.394009,
          43.665221
        ]
      },
      "properties": {
        "station_id": "7457",
        "name": "Queen's Park Cres W / Hoskin Ave",
        "capacity": 23,
        "bikes_available": 8,
        "docks_available": 12,
        "fullness": 0.3478
      }
    },
    {
      "type": "Feature",
      "geometry": {
        "type": "Point",
        "coordinates": [
          -79.375233,
          43.651678
        ]
      },
      "properties": {
        "station_id": "7458",
        "name": "Church St / Lombard St",
        "capacity": 17,
        "bikes_available": 16,
        "docks_available": 1,
        "fullness": 0.9412
      }
    },
    {
      "type": "Feature",
      "geometry": {
        "type": "Point",
        "coordinates": [
          -79.432522,
          43.680466
        ]
      },
      "properties": {
        "station_id": "7459",
        "name": "St. Clair Ave W / Winona Dr",
        "capacity": 11,
        "bikes_available": 1,
        "docks_available": 10,
        "fullness": 0.0909
      }
    },
    {
      "type": "Feature",
      "geometry": {
        "type": "Point",
        "coordinates": [
          -79.464934,
          43.650154
        ]
      },
      "properties": {
        "station_id": "7460",
        "name": "High Park Outdoor Pool",
        "capacity": 26,
        "bikes_available": 16,
        "docks_available": 6,
        "fullness": 0.6154
      }
    },
    {
      "type": "Feature",
      "geometry": {
        "type": "Point",
        "coordinates": [
          -79.46472,
          43.646251
        ]
      },
      "properties": {
        "station_id": "7461",
        "name": "High Park Amphitheatre",
        "capacity": 23,
        "bikes_available": 3,
        "docks_available": 19,
        "fullness": 0.1304
      }
    },
    {
      "type": "Feature",
      "geometry": {
        "type": "Point",
        "coordinates": [
          -79.378743,
          43.651838
        ]
      },
      "properties": {
        "station_id": "7462",
        "name": "Richmond St E / Yonge St",
        "capacity": 17,
        "bikes_available": 6,
        "docks_available": 10,
        "fullness": 0.3529
      }
    },
    {
      "type": "Feature",
      "geometry": {
        "type": "Point",
        "coordinates": [
          -79.408019,
          43.685569
        ]
      },
      "properties": {
        "station_id": "7465",
        "name": "Russell Hill Rd / St. Clair Ave W",
        "capacity": 19,
        "bikes_available": 5,
        "docks_available": 14,
        "fullness": 0.2632
      }
    },
    {
      "type": "Feature",
      "geometry": {
        "type": "Point",
        "coordinates": [
          -79.47421,
          43.65182
        ]
      },
      "properties": {
        "station_id": "7466",
        "name": "Glendonwynne Rd / Bloor St W",
        "capacity": 19,
        "bikes_available": 3,
        "docks_available": 13,
        "fullness": 0.1579
      }
    },
    {
      "type": "Feature",
      "geometry": {
        "type": "Point",
        "coordinates": [
          -79.38409,
          43.64283
        ]
      },
      "properties": {
        "station_id": "7467",
        "name": "Lower Simcoe St / Bremner Blvd",
        "capacity": 15,
        "bikes_available": 8,
        "docks_available": 6,
        "fullness": 0.5333
      }
    },
    {
      "type": "Feature",
      "geometry": {
        "type": "Point",
        "coordinates": [
          -79.386988,
          43.64448
        ]
      },
      "properties": {
        "station_id": "7468",
        "name": "Front St W / Simcoe St",
        "capacity": 27,
        "bikes_available": 13,
        "docks_available": 13,
        "fullness": 0.4815
      }
    },
    {
      "type": "Feature",
      "geometry": {
        "type": "Point",
        "coordinates": [
          -79.38301,
          43.646734
        ]
      },
      "properties": {
        "station_id": "7469",
        "name": "York St / Wellington St W (1) ",
        "capacity": 23,
        "bikes_available": 20,
        "docks_available": 3,
        "fullness": 0.8696
      }
    },
    {
      "type": "Feature",
      "geometry": {
        "type": "Point",
        "coordinates": [
          -79.48674,
          43.61868
        ]
      },
      "properties": {
        "station_id": "7471",
        "name": "2300 Lakeshore Blvd W",
        "capacity": 15,
        "bikes_available": 8,
        "docks_available": 4,
        "fullness": 0.5333
      }
    },
    {
      "type": "Feature",
      "geometry": {
        "type": "Point",
        "coordinates": [
          -79.412305,
          43.643253
        ]
      },
      "properties": {
        "station_id": "7473",
        "name": "Adelaide St W / Strachan Ave",
        "capacity": 15,
        "bikes_available": 1,
        "docks_available": 12,
        "fullness": 0.0667
      }
    },
    {
      "type": "Feature",
      "geometry": {
        "type": "Point",
        "coordinates": [
          -79.3929,
          43.64407
        ]
      },
      "properties": {
        "station_id": "7474",
        "name": "Clarence Square",
        "capacity": 23,
        "bikes_available": 22,
        "docks_available": 1,
        "fullness": 0.9565
      }
    },
    {
      "type": "Feature",
      "geometry": {
        "type": "Point",
        "coordinates": [
          -79.372637,
          43.652777
        ]
      },
      "properties": {
        "station_id": "7475",
        "name": "Jarvis St / Richmond St E",
        "capacity": 19,
        "bikes_available": 14,
        "docks_available": 3,
        "fullness": 0.7368
      }
    },
    {
      "type": "Feature",
      "geometry": {
        "type": "Point",
        "coordinates": [
          -79.451263,
          43.665538
        ]
      },
      "properties": {
        "station_id": "7476",
        "name": "Symington Ave / Dupont St",
        "capacity": 15,
        "bikes_available": 1,
        "docks_available": 12,
        "fullness": 0.0667
      }
    },
    {
      "type": "Feature",
      "geometry": {
        "type": "Point",
        "coordinates": [
          -79.449066,
          43.664182
        ]
      },
      "properties": {
        "station_id": "7477",
        "name": "Antler St / Campbell Ave - SMART",
        "capacity": 20,
        "bikes_available": 2,
        "docks_available": 18,
        "fullness": 0.1
      }
    },
    {
      "type": "Feature",
      "geometry": {
        "type": "Point",
        "coordinates": [
          -79.46693,
          43.63855
        ]
      },
      "properties": {
        "station_id": "7478",
        "name": "Ellis Ave / The Queensway",
        "capacity": 19,
        "bikes_available": 11,
        "docks_available": 8,
        "fullness": 0.5789
      }
    },
    {
      "type": "Feature",
      "geometry": {
        "type": "Point",
        "coordinates": [
          -79.48477,
          43.64976
        ]
      },
      "properties": {
        "station_id": "7479",
        "name": "Jane St / Bloor St W (Jane Subway Station)",
        "capacity": 15,
        "bikes_available": 9,
        "docks_available": 6,
        "fullness": 0.6
      }
    },
    {
      "type": "Feature",
      "geometry": {
        "type": "Point",
        "coordinates": [
          -79.47779,
          43.65143
        ]
      },
      "properties": {
        "station_id": "7480",
        "name": "Neil McLellan Park",
        "capacity": 15,
        "bikes_available": 13,
        "docks_available": 2,
        "fullness": 0.8667
      }
    },
    {
      "type": "Feature",
      "geometry": {
        "type": "Point",
        "coordinates": [
          -79.297974,
          43.678685
        ]
      },
      "properties": {
        "station_id": "7483",
        "name": "Southwood Dr / Kingston Rd - SMART",
        "capacity": 12,
        "bikes_available": 3,
        "docks_available": 6,
        "fullness": 0.25
      }
    },
    {
      "type": "Feature",
      "geometry": {
        "type": "Point",
        "coordinates": [
          -79.400162,
          43.713524
        ]
      },
      "properties": {
        "station_id": "7484",
        "name": "Briar Hill Ave / Yonge St - SMART",
        "capacity": 16,
        "bikes_available": 10,
        "docks_available": 6,
        "fullness": 0.625
      }
    },
    {
      "type": "Feature",
      "geometry": {
        "type": "Point",
        "coordinates": [
          -79.399993,
          43.716652
        ]
      },
      "properties": {
        "station_id": "7485",
        "name": "Blythwood Rd / Yonge St - SMART",
        "capacity": 13,
        "bikes_available": 4,
        "docks_available": 8,
        "fullness": 0.3077
      }
    },
    {
      "type": "Feature",
      "geometry": {
        "type": "Point",
        "coordinates": [
          -79.299332,
          43.684261
        ]
      },
      "properties": {
        "station_id": "7486",
        "name": "Gerrard St E / Main St",
        "capacity": 22,
        "bikes_available": 4,
        "docks_available": 16,
        "fullness": 0.1818
      }
    },
    {
      "type": "Feature",
      "geometry": {
        "type": "Point",
        "coordinates": [
          -79.309395,
          43.676216
        ]
      },
      "properties": {
        "station_id": "7487",
        "name": "Eastwood Rd / Woodbine Ave - SMART",
        "capacity": 15,
        "bikes_available": 9,
        "docks_available": 6,
        "fullness": 0.6
      }
    },
    {
      "type": "Feature",
      "geometry": {
        "type": "Point",
        "coordinates": [
          -79.376304,
          43.685924
        ]
      },
      "properties": {
        "station_id": "7488",
        "name": "Summerhill Ave / Maclennan Ave",
        "capacity": 11,
        "bikes_available": 2,
        "docks_available": 9,
        "fullness": 0.1818
      }
    },
    {
      "type": "Feature",
      "geometry": {
        "type": "Point",
        "coordinates": [
          -79.358749,
          43.656638
        ]
      },
      "properties": {
        "station_id": "7489",
        "name": "Sumach St  / Queen St E",
        "capacity": 19,
        "bikes_available": 19,
        "docks_available": 0,
        "fullness": 1
      }
    },
    {
      "type": "Feature",
      "geometry": {
        "type": "Point",
        "coordinates": [
          -79.356517,
          43.64827
        ]
      },
      "properties": {
        "station_id": "7492",
        "name": "Cherry St / Lake Shore Blvd E",
        "capacity": 15,
        "bikes_available": 0,
        "docks_available": 15,
        "fullness": 0
      }
    },
    {
      "type": "Feature",
      "geometry": {
        "type": "Point",
        "coordinates": [
          -79.3595,
          43.653809
        ]
      },
      "properties": {
        "station_id": "7493",
        "name": "Sackville St / Eastern Ave - SMART",
        "capacity": 12,
        "bikes_available": 5,
        "docks_available": 7,
        "fullness": 0.4167
      }
    },
    {
      "type": "Feature",
      "geometry": {
        "type": "Point",
        "coordinates": [
          -79.391253,
          43.673768
        ]
      },
      "properties": {
        "station_id": "7494",
        "name": "Davenport Rd / McAlpine St - SMART",
        "capacity": 12,
        "bikes_available": 0,
        "docks_available": 9,
        "fullness": 0
      }
    },
    {
      "type": "Feature",
      "geometry": {
        "type": "Point",
        "coordinates": [
          -79.44865,
          43.6397
        ]
      },
      "properties": {
        "station_id": "7496",
        "name": "Sunnyside Ave / The Queensway - SMART",
        "capacity": 20,
        "bikes_available": 13,
        "docks_available": 6,
        "fullness": 0.65
      }
    },
    {
      "type": "Feature",
      "geometry": {
        "type": "Point",
        "coordinates": [
          -79.444792,
          43.654004
        ]
      },
      "properties": {
        "station_id": "7497",
        "name": "128 Sterling Rd - SMART",
        "capacity": 20,
        "bikes_available": 12,
        "docks_available": 8,
        "fullness": 0.6
      }
    },
    {
      "type": "Feature",
      "geometry": {
        "type": "Point",
        "coordinates": [
          -79.46997,
          43.65917
        ]
      },
      "properties": {
        "station_id": "7501",
        "name": "Humberside Grounds - SMART",
        "capacity": 20,
        "bikes_available": 14,
        "docks_available": 6,
        "fullness": 0.7
      }
    },
    {
      "type": "Feature",
      "geometry": {
        "type": "Point",
        "coordinates": [
          -79.38964,
          43.65995
        ]
      },
      "properties": {
        "station_id": "7502",
        "name": "University Ave / College St (East)",
        "capacity": 20,
        "bikes_available": 15,
        "docks_available": 4,
        "fullness": 0.75
      }
    },
    {
      "type": "Feature",
      "geometry": {
        "type": "Point",
        "coordinates": [
          -79.294766,
          43.685221
        ]
      },
      "properties": {
        "station_id": "7503",
        "name": "Gerrard St E / Malvern Ave - SMART",
        "capacity": 20,
        "bikes_available": 0,
        "docks_available": 20,
        "fullness": 0
      }
    },
    {
      "type": "Feature",
      "geometry": {
        "type": "Point",
        "coordinates": [
          -79.286864,
          43.686962
        ]
      },
      "properties": {
        "station_id": "7504",
        "name": "Gerrard St E / Victoria Park Ave - SMART",
        "capacity": 16,
        "bikes_available": 5,
        "docks_available": 11,
        "fullness": 0.3125
      }
    },
    {
      "type": "Feature",
      "geometry": {
        "type": "Point",
        "coordinates": [
          -79.366769,
          43.653505
        ]
      },
      "properties": {
        "station_id": "7505",
        "name": "Ontario St / Adelaide St E -SMART",
        "capacity": 20,
        "bikes_available": 16,
        "docks_available": 4,
        "fullness": 0.8
      }
    },
    {
      "type": "Feature",
      "geometry": {
        "type": "Point",
        "coordinates": [
          -79.36482,
          43.653269
        ]
      },
      "properties": {
        "station_id": "7506",
        "name": "Berkeley St / Adelaide St E - SMART",
        "capacity": 12,
        "bikes_available": 8,
        "docks_available": 4,
        "fullness": 0.6667
      }
    },
    {
      "type": "Feature",
      "geometry": {
        "type": "Point",
        "coordinates": [
          -79.367318,
          43.658816
        ]
      },
      "properties": {
        "station_id": "7508",
        "name": "Berkeley St / Dundas St E - SMART",
        "capacity": 20,
        "bikes_available": 7,
        "docks_available": 12,
        "fullness": 0.35
      }
    },
    {
      "type": "Feature",
      "geometry": {
        "type": "Point",
        "coordinates": [
          -79.476723,
          43.626265
        ]
      },
      "properties": {
        "station_id": "7514",
        "name": "Humber Bay Shores Park / Marine Parade Dr",
        "capacity": 63,
        "bikes_available": 25,
        "docks_available": 36,
        "fullness": 0.3968
      }
    },
    {
      "type": "Feature",
      "geometry": {
        "type": "Point",
        "coordinates": [
          -79.488353,
          43.613606
        ]
      },
      "properties": {
        "station_id": "7515",
        "name": "Amos Waites Park",
        "capacity": 27,
        "bikes_available": 6,
        "docks_available": 20,
        "fullness": 0.2222
      }
    },
    {
      "type": "Feature",
      "geometry": {
        "type": "Point",
        "coordinates": [
          -79.487315,
          43.614669
        ]
      },
      "properties": {
        "station_id": "7516",
        "name": "Superior Ave / Lake Shore Blvd W",
        "capacity": 17,
        "bikes_available": 13,
        "docks_available": 4,
        "fullness": 0.7647
      }
    },
    {
      "type": "Feature",
      "geometry": {
        "type": "Point",
        "coordinates": [
          -79.476011,
          43.639044
        ]
      },
      "properties": {
        "station_id": "7517",
        "name": "Ripley Ave / Ormskirk Ave",
        "capacity": 23,
        "bikes_available": 7,
        "docks_available": 14,
        "fullness": 0.3043
      }
    },
    {
      "type": "Feature",
      "geometry": {
        "type": "Point",
        "coordinates": [
          -79.458173,
          43.63771
        ]
      },
      "properties": {
        "station_id": "7518",
        "name": "Lake Shore Blvd W / Colborne Lodge Dr",
        "capacity": 26,
        "bikes_available": 7,
        "docks_available": 16,
        "fullness": 0.2692
      }
    },
    {
      "type": "Feature",
      "geometry": {
        "type": "Point",
        "coordinates": [
          -79.437641,
          43.64866
        ]
      },
      "properties": {
        "station_id": "7520",
        "name": "St Clarens Ave / Shirley St",
        "capacity": 15,
        "bikes_available": 12,
        "docks_available": 2,
        "fullness": 0.8
      }
    },
    {
      "type": "Feature",
      "geometry": {
        "type": "Point",
        "coordinates": [
          -79.440691,
          43.658739
        ]
      },
      "properties": {
        "station_id": "7521",
        "name": "Emerson Ave / Bloor St W",
        "capacity": 23,
        "bikes_available": 15,
        "docks_available": 7,
        "fullness": 0.6522
      }
    },
    {
      "type": "Feature",
      "geometry": {
        "type": "Point",
        "coordinates": [
          -79.439705,
          43.663226
        ]
      },
      "properties": {
        "station_id": "7522",
        "name": "Wallace Ave / Pauline Ave",
        "capacity": 17,
        "bikes_available": 10,
        "docks_available": 6,
        "fullness": 0.5882
      }
    },
    {
      "type": "Feature",
      "geometry": {
        "type": "Point",
        "coordinates": [
          -79.416866,
          43.638925
        ]
      },
      "properties": {
        "station_id": "7523",
        "name": "Lynn Williams St / East Liberty St",
        "capacity": 15,
        "bikes_available": 10,
        "docks_available": 4,
        "fullness": 0.6667
      }
    },
    {
      "type": "Feature",
      "geometry": {
        "type": "Point",
        "coordinates": [
          -79.424028,
          43.642385
        ]
      },
      "properties": {
        "station_id": "7524",
        "name": "Lisgar Park",
        "capacity": 35,
        "bikes_available": 11,
        "docks_available": 24,
        "fullness": 0.3143
      }
    },
    {
      "type": "Feature",
      "geometry": {
        "type": "Point",
        "coordinates": [
          -79.436023,
          43.670224
        ]
      },
      "properties": {
        "station_id": "7526",
        "name": "Bartlett Parkette",
        "capacity": 23,
        "bikes_available": 12,
        "docks_available": 8,
        "fullness": 0.5217
      }
    },
    {
      "type": "Feature",
      "geometry": {
        "type": "Point",
        "coordinates": [
          -79.452762,
          43.675648
        ]
      },
      "properties": {
        "station_id": "7527",
        "name": "Joseph J Piccininni Community Centre",
        "capacity": 19,
        "bikes_available": 8,
        "docks_available": 11,
        "fullness": 0.4211
      }
    },
    {
      "type": "Feature",
      "geometry": {
        "type": "Point",
        "coordinates": [
          -79.408723,
          43.67883
        ]
      },
      "properties": {
        "station_id": "7528",
        "name": "Spadina Rd / Austin Terrace",
        "capacity": 17,
        "bikes_available": 1,
        "docks_available": 16,
        "fullness": 0.0588
      }
    },
    {
      "type": "Feature",
      "geometry": {
        "type": "Point",
        "coordinates": [
          -79.453285,
          43.67044
        ]
      },
      "properties": {
        "station_id": "7529",
        "name": "Symington Ave / Davenport Rd",
        "capacity": 15,
        "bikes_available": 2,
        "docks_available": 13,
        "fullness": 0.1333
      }
    },
    {
      "type": "Feature",
      "geometry": {
        "type": "Point",
        "coordinates": [
          -79.377846,
          43.675273
        ]
      },
      "properties": {
        "station_id": "7530",
        "name": "Sherbourne St N / Elm Ave",
        "capacity": 22,
        "bikes_available": 0,
        "docks_available": 22,
        "fullness": 0
      }
    },
    {
      "type": "Feature",
      "geometry": {
        "type": "Point",
        "coordinates": [
          -79.402643,
          43.670206
        ]
      },
      "properties": {
        "station_id": "7531",
        "name": "541 Huron St - SMART",
        "capacity": 20,
        "bikes_available": 2,
        "docks_available": 15,
        "fullness": 0.1
      }
    },
    {
      "type": "Feature",
      "geometry": {
        "type": "Point",
        "coordinates": [
          -79.397877,
          43.63811
        ]
      },
      "properties": {
        "station_id": "7533",
        "name": "Housey St / Dan Leckie Way",
        "capacity": 27,
        "bikes_available": 21,
        "docks_available": 6,
        "fullness": 0.7778
      }
    },
    {
      "type": "Feature",
      "geometry": {
        "type": "Point",
        "coordinates": [
          -79.411084,
          43.645469
        ]
      },
      "properties": {
        "station_id": "7534",
        "name": "Walnut Ave / Queen St W",
        "capacity": 15,
        "bikes_available": 2,
        "docks_available": 10,
        "fullness": 0.1333
      }
    },
    {
      "type": "Feature",
      "geometry": {
        "type": "Point",
        "coordinates": [
          -79.408346,
          43.651603
        ]
      },
      "properties": {
        "station_id": "7536",
        "name": "Palmerston Ave / Dundas St W",
        "capacity": 23,
        "bikes_available": 3,
        "docks_available": 20,
        "fullness": 0.1304
      }
    },
    {
      "type": "Feature",
      "geometry": {
        "type": "Point",
        "coordinates": [
          -79.413845,
          43.661559
        ]
      },
      "properties": {
        "station_id": "7537",
        "name": "Euclid Ave / Herrick St - SMART",
        "capacity": 16,
        "bikes_available": 2,
        "docks_available": 14,
        "fullness": 0.125
      }
    },
    {
      "type": "Feature",
      "geometry": {
        "type": "Point",
        "coordinates": [
          -79.425386,
          43.688282
        ]
      },
      "properties": {
        "station_id": "7538",
        "name": "Vaughan Rd /Wychwood Ave",
        "capacity": 19,
        "bikes_available": 1,
        "docks_available": 17,
        "fullness": 0.0526
      }
    },
    {
      "type": "Feature",
      "geometry": {
        "type": "Point",
        "coordinates": [
          -79.39199,
          43.69933
        ]
      },
      "properties": {
        "station_id": "7539",
        "name": "Davisville Ave / Pailton Cres",
        "capacity": 19,
        "bikes_available": 11,
        "docks_available": 7,
        "fullness": 0.5789
      }
    },
    {
      "type": "Feature",
      "geometry": {
        "type": "Point",
        "coordinates": [
          -79.39264,
          43.68871
        ]
      },
      "properties": {
        "station_id": "7540",
        "name": "Alvin Ave / St. Clair Ave E",
        "capacity": 19,
        "bikes_available": 3,
        "docks_available": 15,
        "fullness": 0.1579
      }
    },
    {
      "type": "Feature",
      "geometry": {
        "type": "Point",
        "coordinates": [
          -79.413528,
          43.65246
        ]
      },
      "properties": {
        "station_id": "7541",
        "name": "Bellwoods Ave / Treford Pl - SMART",
        "capacity": 20,
        "bikes_available": 4,
        "docks_available": 15,
        "fullness": 0.2
      }
    },
    {
      "type": "Feature",
      "geometry": {
        "type": "Point",
        "coordinates": [
          -79.391291,
          43.650077
        ]
      },
      "properties": {
        "station_id": "7542",
        "name": "Queen St W / John St",
        "capacity": 23,
        "bikes_available": 16,
        "docks_available": 7,
        "fullness": 0.6957
      }
    },
    {
      "type": "Feature",
      "geometry": {
        "type": "Point",
        "coordinates": [
          -79.403512,
          43.654842
        ]
      },
      "properties": {
        "station_id": "7543",
        "name": "Nassau St / Bellevue Ave",
        "capacity": 15,
        "bikes_available": 8,
        "docks_available": 6,
        "fullness": 0.5333
      }
    },
    {
      "type": "Feature",
      "geometry": {
        "type": "Point",
        "coordinates": [
          -79.393259,
          43.656076
        ]
      },
      "properties": {
        "station_id": "7545",
        "name": "Baldwin St / Henry St",
        "capacity": 15,
        "bikes_available": 1,
        "docks_available": 14,
        "fullness": 0.0667
      }
    },
    {
      "type": "Feature",
      "geometry": {
        "type": "Point",
        "coordinates": [
          -79.396616,
          43.656825
        ]
      },
      "properties": {
        "station_id": "7546",
        "name": "Ross St / Cecil St - SMART",
        "capacity": 18,
        "bikes_available": 2,
        "docks_available": 15,
        "fullness": 0.1111
      }
    },
    {
      "type": "Feature",
      "geometry": {
        "type": "Point",
        "coordinates": [
          -79.39274,
          43.658044
        ]
      },
      "properties": {
        "station_id": "7547",
        "name": "Orde St / McCaul St",
        "capacity": 15,
        "bikes_available": 14,
        "docks_available": 1,
        "fullness": 0.9333
      }
    },
    {
      "type": "Feature",
      "geometry": {
        "type": "Point",
        "coordinates": [
          -79.38761,
          43.66588
        ]
      },
      "properties": {
        "station_id": "7548",
        "name": "St. Joseph St / Bay St - SMART",
        "capacity": 20,
        "bikes_available": 6,
        "docks_available": 14,
        "fullness": 0.3
      }
    },
    {
      "type": "Feature",
      "geometry": {
        "type": "Point",
        "coordinates": [
          -79.374161,
          43.666051
        ]
      },
      "properties": {
        "station_id": "7549",
        "name": "439 Sherbourne St",
        "capacity": 47,
        "bikes_available": 23,
        "docks_available": 24,
        "fullness": 0.4894
      }
    },
    {
      "type": "Feature",
      "geometry": {
        "type": "Point",
        "coordinates": [
          -79.364184,
          43.649709
        ]
      },
      "properties": {
        "station_id": "7551",
        "name": "The Esplanade / Hahn Pl",
        "capacity": 15,
        "bikes_available": 14,
        "docks_available": 1,
        "fullness": 0.9333
      }
    },
    {
      "type": "Feature",
      "geometry": {
        "type": "Point",
        "coordinates": [
          -79.54033,
          43.592742
        ]
      },
      "properties": {
        "station_id": "7552",
        "name": "Lake Shore Blvd W / Thirty Ninth Street",
        "capacity": 19,
        "bikes_available": 10,
        "docks_available": 9,
        "fullness": 0.5263
      }
    },
    {
      "type": "Feature",
      "geometry": {
        "type": "Point",
        "coordinates": [
          -79.522768,
          43.597082
        ]
      },
      "properties": {
        "station_id": "7553",
        "name": "Lake Shore Blvd W / Twenty Fourth St",
        "capacity": 19,
        "bikes_available": 7,
        "docks_available": 12,
        "fullness": 0.3684
      }
    },
    {
      "type": "Feature",
      "geometry": {
        "type": "Point",
        "coordinates": [
          -79.516057,
          43.596169
        ]
      },
      "properties": {
        "station_id": "7554",
        "name": "Humber College (Lakeshore Campus)",
        "capacity": 27,
        "bikes_available": 16,
        "docks_available": 10,
        "fullness": 0.5926
      }
    },
    {
      "type": "Feature",
      "geometry": {
        "type": "Point",
        "coordinates": [
          -79.496573,
          43.612063
        ]
      },
      "properties": {
        "station_id": "7555",
        "name": "Royal York Rd / Mimico Ave",
        "capacity": 20,
        "bikes_available": 2,
        "docks_available": 18,
        "fullness": 0.1
      }
    },
    {
      "type": "Feature",
      "geometry": {
        "type": "Point",
        "coordinates": [
          -79.497106,
          43.617164
        ]
      },
      "properties": {
        "station_id": "7556",
        "name": "Windsor St / Newcastle St",
        "capacity": 31,
        "bikes_available": 16,
        "docks_available": 13,
        "fullness": 0.5161
      }
    },
    {
      "type": "Feature",
      "geometry": {
        "type": "Point",
        "coordinates": [
          -79.482407,
          43.630874
        ]
      },
      "properties": {
        "station_id": "7557",
        "name": "The Queensway / High St",
        "capacity": 23,
        "bikes_available": 20,
        "docks_available": 2,
        "fullness": 0.8696
      }
    },
    {
      "type": "Feature",
      "geometry": {
        "type": "Point",
        "coordinates": [
          -79.489083,
          43.63732
        ]
      },
      "properties": {
        "station_id": "7558",
        "name": "Berry Rd / Bell Manor Dr",
        "capacity": 19,
        "bikes_available": 17,
        "docks_available": 2,
        "fullness": 0.8947
      }
    },
    {
      "type": "Feature",
      "geometry": {
        "type": "Point",
        "coordinates": [
          -79.477033,
          43.643804
        ]
      },
      "properties": {
        "station_id": "7559",
        "name": "Swansea Community Centre",
        "capacity": 15,
        "bikes_available": 4,
        "docks_available": 11,
        "fullness": 0.2667
      }
    },
    {
      "type": "Feature",
      "geometry": {
        "type": "Point",
        "coordinates": [
          -79.487246,
          43.658574
        ]
      },
      "properties": {
        "station_id": "7561",
        "name": "Annette St / Jane St",
        "capacity": 15,
        "bikes_available": 4,
        "docks_available": 10,
        "fullness": 0.2667
      }
    },
    {
      "type": "Feature",
      "geometry": {
        "type": "Point",
        "coordinates": [
          -79.489385,
          43.664665
        ]
      },
      "properties": {
        "station_id": "7562",
        "name": "Priscilla Ave / Dundas St W",
        "capacity": 23,
        "bikes_available": 1,
        "docks_available": 22,
        "fullness": 0.0435
      }
    },
    {
      "type": "Feature",
      "geometry": {
        "type": "Point",
        "coordinates": [
          -79.485426,
          43.668496
        ]
      },
      "properties": {
        "station_id": "7563",
        "name": "St. Clair Ave W / Castleton Ave",
        "capacity": 19,
        "bikes_available": 3,
        "docks_available": 15,
        "fullness": 0.1579
      }
    },
    {
      "type": "Feature",
      "geometry": {
        "type": "Point",
        "coordinates": [
          -79.484892,
          43.665523
        ]
      },
      "properties": {
        "station_id": "7564",
        "name": "Durie St / Dundas St W",
        "capacity": 23,
        "bikes_available": 2,
        "docks_available": 21,
        "fullness": 0.087
      }
    },
    {
      "type": "Feature",
      "geometry": {
        "type": "Point",
        "coordinates": [
          -79.470171,
          43.672079
        ]
      },
      "properties": {
        "station_id": "7565",
        "name": "St. Clair Ave W / Gunns Rd",
        "capacity": 23,
        "bikes_available": 1,
        "docks_available": 21,
        "fullness": 0.0435
      }
    },
    {
      "type": "Feature",
      "geometry": {
        "type": "Point",
        "coordinates": [
          -79.467994,
          43.673019
        ]
      },
      "properties": {
        "station_id": "7566",
        "name": "Weston Rd / St. Clair Ave W",
        "capacity": 19,
        "bikes_available": 0,
        "docks_available": 19,
        "fullness": 0
      }
    },
    {
      "type": "Feature",
      "geometry": {
        "type": "Point",
        "coordinates": [
          -79.519472,
          43.698841
        ]
      },
      "properties": {
        "station_id": "7567",
        "name": "Weston Lions Park",
        "capacity": 27,
        "bikes_available": 6,
        "docks_available": 21,
        "fullness": 0.2222
      }
    },
    {
      "type": "Feature",
      "geometry": {
        "type": "Point",
        "coordinates": [
          -79.43703,
          43.63985
        ]
      },
      "properties": {
        "station_id": "7568",
        "name": "Jameson Ave / Queen St W",
        "capacity": 27,
        "bikes_available": 17,
        "docks_available": 9,
        "fullness": 0.6296
      }
    },
    {
      "type": "Feature",
      "geometry": {
        "type": "Point",
        "coordinates": [
          -79.409508,
          43.632982
        ]
      },
      "properties": {
        "station_id": "7569",
        "name": "Toronto Inukshuk Park",
        "capacity": 87,
        "bikes_available": 73,
        "docks_available": 13,
        "fullness": 0.8391
      }
    },
    {
      "type": "Feature",
      "geometry": {
        "type": "Point",
        "coordinates": [
          -79.341509,
          43.665076
        ]
      },
      "properties": {
        "station_id": "7570",
        "name": "Carlaw Ave / Dundas St E",
        "capacity": 17,
        "bikes_available": 16,
        "docks_available": 0,
        "fullness": 0.9412
      }
    },
    {
      "type": "Feature",
      "geometry": {
        "type": "Point",
        "coordinates": [
          -79.324961,
          43.671771
        ]
      },
      "properties": {
        "station_id": "7571",
        "name": "Highfield Rd / Gerrard St E",
        "capacity": 19,
        "bikes_available": 19,
        "docks_available": 0,
        "fullness": 1
      }
    },
    {
      "type": "Feature",
      "geometry": {
        "type": "Point",
        "coordinates": [
          -79.330166,
          43.693548
        ]
      },
      "properties": {
        "station_id": "7572",
        "name": "Cosburn Ave / Durant Ave",
        "capacity": 15,
        "bikes_available": 3,
        "docks_available": 11,
        "fullness": 0.2
      }
    },
    {
      "type": "Feature",
      "geometry": {
        "type": "Point",
        "coordinates": [
          -79.353977,
          43.654852
        ]
      },
      "properties": {
        "station_id": "7575",
        "name": "Bayview Ave / Lawren Harris Square",
        "capacity": 15,
        "bikes_available": 12,
        "docks_available": 3,
        "fullness": 0.8
      }
    },
    {
      "type": "Feature",
      "geometry": {
        "type": "Point",
        "coordinates": [
          -79.354068,
          43.6535
        ]
      },
      "properties": {
        "station_id": "7576",
        "name": "Front St E / Bayview Avenue",
        "capacity": 23,
        "bikes_available": 21,
        "docks_available": 2,
        "fullness": 0.913
      }
    },
    {
      "type": "Feature",
      "geometry": {
        "type": "Point",
        "coordinates": [
          -79.361515,
          43.661791
        ]
      },
      "properties": {
        "station_id": "7577",
        "name": "Oak St / Sumach St",
        "capacity": 27,
        "bikes_available": 10,
        "docks_available": 16,
        "fullness": 0.3704
      }
    },
    {
      "type": "Feature",
      "geometry": {
        "type": "Point",
        "coordinates": [
          -79.366238,
          43.66081
        ]
      },
      "properties": {
        "station_id": "7578",
        "name": "Oak St / Parliament St",
        "capacity": 15,
        "bikes_available": 4,
        "docks_available": 11,
        "fullness": 0.2667
      }
    },
    {
      "type": "Feature",
      "geometry": {
        "type": "Point",
        "coordinates": [
          -79.39742,
          43.700776
        ]
      },
      "properties": {
        "station_id": "7579",
        "name": "Glebe Rd W / Yonge St",
        "capacity": 19,
        "bikes_available": 4,
        "docks_available": 13,
        "fullness": 0.2105
      }
    },
    {
      "type": "Feature",
      "geometry": {
        "type": "Point",
        "coordinates": [
          -79.397907,
          43.702967
        ]
      },
      "properties": {
        "station_id": "7580",
        "name": "Hillsdale Ave W / Yonge St",
        "capacity": 15,
        "bikes_available": 7,
        "docks_available": 6,
        "fullness": 0.4667
      }
    },
    {
      "type": "Feature",
      "geometry": {
        "type": "Point",
        "coordinates": [
          -79.470118,
          43.665303
        ]
      },
      "properties": {
        "station_id": "7581",
        "name": "High Park Ave / Dundas St W",
        "capacity": 15,
        "bikes_available": 8,
        "docks_available": 5,
        "fullness": 0.5333
      }
    },
    {
      "type": "Feature",
      "geometry": {
        "type": "Point",
        "coordinates": [
          -79.437503,
          43.690903
        ]
      },
      "properties": {
        "station_id": "7582",
        "name": "Alameda Ave / Vaughan Rd - SMART",
        "capacity": 16,
        "bikes_available": 0,
        "docks_available": 16,
        "fullness": 0
      }
    },
    {
      "type": "Feature",
      "geometry": {
        "type": "Point",
        "coordinates": [
          -79.510894,
          43.68347
        ]
      },
      "properties": {
        "station_id": "7583",
        "name": "Eglinton Ave W / Scarlett Rd",
        "capacity": 23,
        "bikes_available": 4,
        "docks_available": 19,
        "fullness": 0.1739
      }
    },
    {
      "type": "Feature",
      "geometry": {
        "type": "Point",
        "coordinates": [
          -79.502594,
          43.769626
        ]
      },
      "properties": {
        "station_id": "7584",
        "name": "The Pond Rd / Sentinel Rd",
        "capacity": 27,
        "bikes_available": 0,
        "docks_available": 23,
        "fullness": 0
      }
    },
    {
      "type": "Feature",
      "geometry": {
        "type": "Point",
        "coordinates": [
          -79.46763,
          43.772994
        ]
      },
      "properties": {
        "station_id": "7587",
        "name": "Dufferin St / Finch Corridor Trail",
        "capacity": 19,
        "bikes_available": 0,
        "docks_available": 17,
        "fullness": 0
      }
    },
    {
      "type": "Feature",
      "geometry": {
        "type": "Point",
        "coordinates": [
          -79.467963,
          43.778112
        ]
      },
      "properties": {
        "station_id": "7588",
        "name": "G Ross Lord Park",
        "capacity": 19,
        "bikes_available": 2,
        "docks_available": 15,
        "fullness": 0.1053
      }
    },
    {
      "type": "Feature",
      "geometry": {
        "type": "Point",
        "coordinates": [
          -79.45233,
          43.77953
        ]
      },
      "properties": {
        "station_id": "7589",
        "name": "Torresdale Ave / Antibes Dr",
        "capacity": 15,
        "bikes_available": 0,
        "docks_available": 12,
        "fullness": 0
      }
    },
    {
      "type": "Feature",
      "geometry": {
        "type": "Point",
        "coordinates": [
          -79.44471,
          43.777437
        ]
      },
      "properties": {
        "station_id": "7590",
        "name": "Esther Shiner Stadium",
        "capacity": 23,
        "bikes_available": 0,
        "docks_available": 23,
        "fullness": 0
      }
    },
    {
      "type": "Feature",
      "geometry": {
        "type": "Point",
        "coordinates": [
          -79.40966,
          43.707049
        ]
      },
      "properties": {
        "station_id": "7591",
        "name": "Elwood Blvd / Avenue Rd",
        "capacity": 23,
        "bikes_available": 2,
        "docks_available": 19,
        "fullness": 0.087
      }
    },
    {
      "type": "Feature",
      "geometry": {
        "type": "Point",
        "coordinates": [
          -79.378615,
          43.711751
        ]
      },
      "properties": {
        "station_id": "7593",
        "name": "Roehampton Ave / Bayview Ave",
        "capacity": 27,
        "bikes_available": 1,
        "docks_available": 23,
        "fullness": 0.037
      }
    },
    {
      "type": "Feature",
      "geometry": {
        "type": "Point",
        "coordinates": [
          -79.375437,
          43.707045
        ]
      },
      "properties": {
        "station_id": "7594",
        "name": "Fleming Cres / Bayview Ave",
        "capacity": 15,
        "bikes_available": 1,
        "docks_available": 13,
        "fullness": 0.0667
      }
    },
    {
      "type": "Feature",
      "geometry": {
        "type": "Point",
        "coordinates": [
          -79.383238,
          43.693256
        ]
      },
      "properties": {
        "station_id": "7595",
        "name": "Moore Park",
        "capacity": 15,
        "bikes_available": 1,
        "docks_available": 14,
        "fullness": 0.0667
      }
    },
    {
      "type": "Feature",
      "geometry": {
        "type": "Point",
        "coordinates": [
          -79.340568,
          43.680022
        ]
      },
      "properties": {
        "station_id": "7596",
        "name": "Langford Ave / Danforth Ave - SMART",
        "capacity": 32,
        "bikes_available": 15,
        "docks_available": 17,
        "fullness": 0.4688
      }
    },
    {
      "type": "Feature",
      "geometry": {
        "type": "Point",
        "coordinates": [
          -79.403637,
          43.732016
        ]
      },
      "properties": {
        "station_id": "7597",
        "name": "Yonge St / Golfdale Rd",
        "capacity": 15,
        "bikes_available": 0,
        "docks_available": 15,
        "fullness": 0
      }
    },
    {
      "type": "Feature",
      "geometry": {
        "type": "Point",
        "coordinates": [
          -79.40401,
          43.732975
        ]
      },
      "properties": {
        "station_id": "7598",
        "name": "Teddington Park Ave",
        "capacity": 15,
        "bikes_available": 0,
        "docks_available": 10,
        "fullness": 0
      }
    },
    {
      "type": "Feature",
      "geometry": {
        "type": "Point",
        "coordinates": [
          -79.383633,
          43.650745
        ]
      },
      "properties": {
        "station_id": "7599",
        "name": "Richmond St W / York St",
        "capacity": 17,
        "bikes_available": 10,
        "docks_available": 7,
        "fullness": 0.5882
      }
    },
    {
      "type": "Feature",
      "geometry": {
        "type": "Point",
        "coordinates": [
          -79.398049,
          43.660274
        ]
      },
      "properties": {
        "station_id": "7600",
        "name": "Ursula Franklin St / Huron St - SMART",
        "capacity": 20,
        "bikes_available": 12,
        "docks_available": 7,
        "fullness": 0.6
      }
    },
    {
      "type": "Feature",
      "geometry": {
        "type": "Point",
        "coordinates": [
          -79.36647,
          43.683884
        ]
      },
      "properties": {
        "station_id": "7601",
        "name": "Brick Works",
        "capacity": 25,
        "bikes_available": 2,
        "docks_available": 21,
        "fullness": 0.08
      }
    },
    {
      "type": "Feature",
      "geometry": {
        "type": "Point",
        "coordinates": [
          -79.318802,
          43.699281
        ]
      },
      "properties": {
        "station_id": "7602",
        "name": "Woodbine Ave / O'Connor Dr",
        "capacity": 19,
        "bikes_available": 7,
        "docks_available": 12,
        "fullness": 0.3684
      }
    },
    {
      "type": "Feature",
      "geometry": {
        "type": "Point",
        "coordinates": [
          -79.311439,
          43.707582
        ]
      },
      "properties": {
        "station_id": "7603",
        "name": "O'Connor Dr / Curity Ave",
        "capacity": 14,
        "bikes_available": 0,
        "docks_available": 13,
        "fullness": 0
      }
    },
    {
      "type": "Feature",
      "geometry": {
        "type": "Point",
        "coordinates": [
          -79.310554,
          43.70567
        ]
      },
      "properties": {
        "station_id": "7604",
        "name": "St. Columba Pl / St. Clair Ave E",
        "capacity": 18,
        "bikes_available": 7,
        "docks_available": 10,
        "fullness": 0.3889
      }
    },
    {
      "type": "Feature",
      "geometry": {
        "type": "Point",
        "coordinates": [
          -79.300587,
          43.694135
        ]
      },
      "properties": {
        "station_id": "7605",
        "name": "Lumsden Ave / Eastdale Ave",
        "capacity": 20,
        "bikes_available": 1,
        "docks_available": 18,
        "fullness": 0.05
      }
    },
    {
      "type": "Feature",
      "geometry": {
        "type": "Point",
        "coordinates": [
          -79.297436,
          43.696631
        ]
      },
      "properties": {
        "station_id": "7606",
        "name": "Dawes Rd / Taylor Creek Trl",
        "capacity": 19,
        "bikes_available": 0,
        "docks_available": 18,
        "fullness": 0
      }
    },
    {
      "type": "Feature",
      "geometry": {
        "type": "Point",
        "coordinates": [
          -79.316302,
          43.67659
        ]
      },
      "properties": {
        "station_id": "7607",
        "name": "Fairmount Park",
        "capacity": 19,
        "bikes_available": 14,
        "docks_available": 5,
        "fullness": 0.7368
      }
    },
    {
      "type": "Feature",
      "geometry": {
        "type": "Point",
        "coordinates": [
          -79.355474,
          43.720645
        ]
      },
      "properties": {
        "station_id": "7608",
        "name": "Wilket Creek Park",
        "capacity": 27,
        "bikes_available": 0,
        "docks_available": 23,
        "fullness": 0
      }
    },
    {
      "type": "Feature",
      "geometry": {
        "type": "Point",
        "coordinates": [
          -79.362092,
          43.720233
        ]
      },
      "properties": {
        "station_id": "7609",
        "name": "Sunnybrook Park",
        "capacity": 27,
        "bikes_available": 1,
        "docks_available": 23,
        "fullness": 0.037
      }
    },
    {
      "type": "Feature",
      "geometry": {
        "type": "Point",
        "coordinates": [
          -79.291714,
          43.680095
        ]
      },
      "properties": {
        "station_id": "7610",
        "name": "Kingston Rd / Beech Ave",
        "capacity": 15,
        "bikes_available": 7,
        "docks_available": 8,
        "fullness": 0.4667
      }
    },
    {
      "type": "Feature",
      "geometry": {
        "type": "Point",
        "coordinates": [
          -79.288619,
          43.691468
        ]
      },
      "properties": {
        "station_id": "7611",
        "name": "Victoria Park Ave / Danforth Ave",
        "capacity": 19,
        "bikes_available": 7,
        "docks_available": 11,
        "fullness": 0.3684
      }
    },
    {
      "type": "Feature",
      "geometry": {
        "type": "Point",
        "coordinates": [
          -79.199327,
          43.747854
        ]
      },
      "properties": {
        "station_id": "7612",
        "name": "Livingston Rd / Guildwood Pkwy",
        "capacity": 19,
        "bikes_available": 7,
        "docks_available": 11,
        "fullness": 0.3684
      }
    },
    {
      "type": "Feature",
      "geometry": {
        "type": "Point",
        "coordinates": [
          -79.202669,
          43.756168
        ]
      },
      "properties": {
        "station_id": "7613",
        "name": "Livingston Rd (Highland Creek Trail)",
        "capacity": 19,
        "bikes_available": 0,
        "docks_available": 19,
        "fullness": 0
      }
    },
    {
      "type": "Feature",
      "geometry": {
        "type": "Point",
        "coordinates": [
          -79.193023,
          43.779353
        ]
      },
      "properties": {
        "station_id": "7614",
        "name": "Morningside Park (Highland Creek Trail)",
        "capacity": 23,
        "bikes_available": 2,
        "docks_available": 20,
        "fullness": 0.087
      }
    },
    {
      "type": "Feature",
      "geometry": {
        "type": "Point",
        "coordinates": [
          -79.165971,
          43.777711
        ]
      },
      "properties": {
        "station_id": "7615",
        "name": "Colonel Danforth Park",
        "capacity": 19,
        "bikes_available": 5,
        "docks_available": 14,
        "fullness": 0.2632
      }
    },
    {
      "type": "Feature",
      "geometry": {
        "type": "Point",
        "coordinates": [
          -79.131911,
          43.778015
        ]
      },
      "properties": {
        "station_id": "7616",
        "name": "Waterfront Trail (Rouge Hill)",
        "capacity": 19,
        "bikes_available": 9,
        "docks_available": 10,
        "fullness": 0.4737
      }
    },
    {
      "type": "Feature",
      "geometry": {
        "type": "Point",
        "coordinates": [
          -79.123184,
          43.788525
        ]
      },
      "properties": {
        "station_id": "7617",
        "name": "Starspray Blvd / Lawrence Ave E",
        "capacity": 19,
        "bikes_available": 4,
        "docks_available": 15,
        "fullness": 0.2105
      }
    },
    {
      "type": "Feature",
      "geometry": {
        "type": "Point",
        "coordinates": [
          -79.441042,
          43.692683
        ]
      },
      "properties": {
        "station_id": "7618",
        "name": "Vaughan Rd / Oakwood Ave",
        "capacity": 11,
        "bikes_available": 0,
        "docks_available": 11,
        "fullness": 0
      }
    },
    {
      "type": "Feature",
      "geometry": {
        "type": "Point",
        "coordinates": [
          -79.409447,
          43.704196
        ]
      },
      "properties": {
        "station_id": "7619",
        "name": "Braemar Ave / Eglinton Ave W",
        "capacity": 15,
        "bikes_available": 4,
        "docks_available": 11,
        "fullness": 0.2667
      }
    },
    {
      "type": "Feature",
      "geometry": {
        "type": "Point",
        "coordinates": [
          -79.39248,
          43.707869
        ]
      },
      "properties": {
        "station_id": "7620",
        "name": "Eglinton Ave E / Redpath Ave",
        "capacity": 31,
        "bikes_available": 26,
        "docks_available": 3,
        "fullness": 0.8387
      }
    },
    {
      "type": "Feature",
      "geometry": {
        "type": "Point",
        "coordinates": [
          -79.543207,
          43.588077
        ]
      },
      "properties": {
        "station_id": "7622",
        "name": "Marie Curtis Park",
        "capacity": 23,
        "bikes_available": 13,
        "docks_available": 8,
        "fullness": 0.5652
      }
    },
    {
      "type": "Feature",
      "geometry": {
        "type": "Point",
        "coordinates": [
          -79.493105,
          43.603385
        ]
      },
      "properties": {
        "station_id": "7623",
        "name": "Royal York Rd / Lake Shore Blvd W",
        "capacity": 19,
        "bikes_available": 6,
        "docks_available": 13,
        "fullness": 0.3158
      }
    },
    {
      "type": "Feature",
      "geometry": {
        "type": "Point",
        "coordinates": [
          -79.197129,
          43.754978
        ]
      },
      "properties": {
        "station_id": "7624",
        "name": "Guildwood GO Station (South)",
        "capacity": 11,
        "bikes_available": 1,
        "docks_available": 10,
        "fullness": 0.0909
      }
    },
    {
      "type": "Feature",
      "geometry": {
        "type": "Point",
        "coordinates": [
          -79.401026,
          43.725141
        ]
      },
      "properties": {
        "station_id": "7625",
        "name": "Yonge St / Lawrence Ave E",
        "capacity": 23,
        "bikes_available": 0,
        "docks_available": 21,
        "fullness": 0
      }
    },
    {
      "type": "Feature",
      "geometry": {
        "type": "Point",
        "coordinates": [
          -79.13012,
          43.780551
        ]
      },
      "properties": {
        "station_id": "7626",
        "name": "Rouge Hill GO Station",
        "capacity": 25,
        "bikes_available": 1,
        "docks_available": 22,
        "fullness": 0.04
      }
    },
    {
      "type": "Feature",
      "geometry": {
        "type": "Point",
        "coordinates": [
          -79.425116,
          43.667076
        ]
      },
      "properties": {
        "station_id": "7627",
        "name": "Shaw St / Essex St - SMART",
        "capacity": 15,
        "bikes_available": 5,
        "docks_available": 9,
        "fullness": 0.3333
      }
    },
    {
      "type": "Feature",
      "geometry": {
        "type": "Point",
        "coordinates": [
          -79.503016,
          43.66254
        ]
      },
      "properties": {
        "station_id": "7629",
        "name": "Lundy Ave / Étienne Brûlé Park",
        "capacity": 15,
        "bikes_available": 5,
        "docks_available": 9,
        "fullness": 0.3333
      }
    },
    {
      "type": "Feature",
      "geometry": {
        "type": "Point",
        "coordinates": [
          -79.510869,
          43.60029
        ]
      },
      "properties": {
        "station_id": "7630",
        "name": "Twelfth St / Thirteenth St",
        "capacity": 22,
        "bikes_available": 7,
        "docks_available": 15,
        "fullness": 0.3182
      }
    },
    {
      "type": "Feature",
      "geometry": {
        "type": "Point",
        "coordinates": [
          -79.498511,
          43.661966
        ]
      },
      "properties": {
        "station_id": "7631",
        "name": "Florence Gell Park",
        "capacity": 15,
        "bikes_available": 15,
        "docks_available": 0,
        "fullness": 1
      }
    },
    {
      "type": "Feature",
      "geometry": {
        "type": "Point",
        "coordinates": [
          -79.42753,
          43.700402
        ]
      },
      "properties": {
        "station_id": "7632",
        "name": "Chiltern Hill Rd / Eglinton Ave W",
        "capacity": 17,
        "bikes_available": 1,
        "docks_available": 15,
        "fullness": 0.0588
      }
    },
    {
      "type": "Feature",
      "geometry": {
        "type": "Point",
        "coordinates": [
          -79.42921,
          43.642269
        ]
      },
      "properties": {
        "station_id": "7633",
        "name": "Noble St / Queen St W",
        "capacity": 15,
        "bikes_available": 13,
        "docks_available": 1,
        "fullness": 0.8667
      }
    },
    {
      "type": "Feature",
      "geometry": {
        "type": "Point",
        "coordinates": [
          -79.479918,
          43.65963
        ]
      },
      "properties": {
        "station_id": "7635",
        "name": "Runnymede Rd / Annette St",
        "capacity": 15,
        "bikes_available": 8,
        "docks_available": 6,
        "fullness": 0.5333
      }
    },
    {
      "type": "Feature",
      "geometry": {
        "type": "Point",
        "coordinates": [
          -79.487583,
          43.647663
        ]
      },
      "properties": {
        "station_id": "7636",
        "name": "Bloor St W / Riverside Dr",
        "capacity": 23,
        "bikes_available": 4,
        "docks_available": 18,
        "fullness": 0.1739
      }
    },
    {
      "type": "Feature",
      "geometry": {
        "type": "Point",
        "coordinates": [
          -79.499036,
          43.616272
        ]
      },
      "properties": {
        "station_id": "7637",
        "name": "Judson St / Royal York Rd",
        "capacity": 19,
        "bikes_available": 18,
        "docks_available": 1,
        "fullness": 0.9474
      }
    },
    {
      "type": "Feature",
      "geometry": {
        "type": "Point",
        "coordinates": [
          -79.399404,
          43.639971
        ]
      },
      "properties": {
        "station_id": "7639",
        "name": "135 Queens Wharf Rd - SMART",
        "capacity": 16,
        "bikes_available": 11,
        "docks_available": 4,
        "fullness": 0.6875
      }
    },
    {
      "type": "Feature",
      "geometry": {
        "type": "Point",
        "coordinates": [
          -79.410657,
          43.683979
        ]
      },
      "properties": {
        "station_id": "7640",
        "name": "Spadina Rd / St. Clair Ave W",
        "capacity": 15,
        "bikes_available": 2,
        "docks_available": 13,
        "fullness": 0.1333
      }
    },
    {
      "type": "Feature",
      "geometry": {
        "type": "Point",
        "coordinates": [
          -79.458852,
          43.664117
        ]
      },
      "properties": {
        "station_id": "7641",
        "name": "Annette St / Dundas St W",
        "capacity": 15,
        "bikes_available": 3,
        "docks_available": 11,
        "fullness": 0.2
      }
    },
    {
      "type": "Feature",
      "geometry": {
        "type": "Point",
        "coordinates": [
          -79.394161,
          43.688505
        ]
      },
      "properties": {
        "station_id": "7642",
        "name": "Yonge St / St. Clair Ave",
        "capacity": 19,
        "bikes_available": 10,
        "docks_available": 9,
        "fullness": 0.5263
      }
    },
    {
      "type": "Feature",
      "geometry": {
        "type": "Point",
        "coordinates": [
          -79.402618,
          43.695449
        ]
      },
      "properties": {
        "station_id": "7643",
        "name": "Oriole Pkwy / Kilbarry Rd",
        "capacity": 19,
        "bikes_available": 1,
        "docks_available": 18,
        "fullness": 0.0526
      }
    },
    {
      "type": "Feature",
      "geometry": {
        "type": "Point",
        "coordinates": [
          -79.31499,
          43.685081
        ]
      },
      "properties": {
        "station_id": "7644",
        "name": "East Lynn Ave / Danforth Ave",
        "capacity": 15,
        "bikes_available": 5,
        "docks_available": 9,
        "fullness": 0.3333
      }
    },
    {
      "type": "Feature",
      "geometry": {
        "type": "Point",
        "coordinates": [
          -79.184989,
          43.784242
        ]
      },
      "properties": {
        "station_id": "7645",
        "name": "University of Toronto Scarborough",
        "capacity": 16,
        "bikes_available": 2,
        "docks_available": 14,
        "fullness": 0.125
      }
    },
    {
      "type": "Feature",
      "geometry": {
        "type": "Point",
        "coordinates": [
          -79.386413,
          43.649819
        ]
      },
      "properties": {
        "station_id": "7646",
        "name": "University Ave / Richmond St W",
        "capacity": 15,
        "bikes_available": 10,
        "docks_available": 5,
        "fullness": 0.6667
      }
    },
    {
      "type": "Feature",
      "geometry": {
        "type": "Point",
        "coordinates": [
          -79.415894,
          43.686352
        ]
      },
      "properties": {
        "station_id": "7650",
        "name": "St. Clair West Subway Station - Heath St. W",
        "capacity": 23,
        "bikes_available": 2,
        "docks_available": 20,
        "fullness": 0.087
      }
    },
    {
      "type": "Feature",
      "geometry": {
        "type": "Point",
        "coordinates": [
          -79.457174,
          43.655371
        ]
      },
      "properties": {
        "station_id": "7653",
        "name": "Bloor St W / Indian Rd",
        "capacity": 15,
        "bikes_available": 9,
        "docks_available": 5,
        "fullness": 0.6
      }
    },
    {
      "type": "Feature",
      "geometry": {
        "type": "Point",
        "coordinates": [
          -79.463639,
          43.654124
        ]
      },
      "properties": {
        "station_id": "7654",
        "name": "Bloor St W / Pacific Ave",
        "capacity": 7,
        "bikes_available": 3,
        "docks_available": 4,
        "fullness": 0.4286
      }
    },
    {
      "type": "Feature",
      "geometry": {
        "type": "Point",
        "coordinates": [
          -79.339243,
          43.680207
        ]
      },
      "properties": {
        "station_id": "7655",
        "name": "Danforth Ave / Dewhurst Blvd",
        "capacity": 15,
        "bikes_available": 0,
        "docks_available": 15,
        "fullness": 0
      }
    },
    {
      "type": "Feature",
      "geometry": {
        "type": "Point",
        "coordinates": [
          -79.438715,
          43.658988
        ]
      },
      "properties": {
        "station_id": "7656",
        "name": "Bloor St W / Brock Ave",
        "capacity": 11,
        "bikes_available": 6,
        "docks_available": 5,
        "fullness": 0.5455
      }
    },
    {
      "type": "Feature",
      "geometry": {
        "type": "Point",
        "coordinates": [
          -79.370666,
          43.646993
        ]
      },
      "properties": {
        "station_id": "7657",
        "name": "1 Market St",
        "capacity": 20,
        "bikes_available": 12,
        "docks_available": 7,
        "fullness": 0.6
      }
    },
    {
      "type": "Feature",
      "geometry": {
        "type": "Point",
        "coordinates": [
          -79.493363,
          43.649204
        ]
      },
      "properties": {
        "station_id": "7658",
        "name": "King's Mill Park",
        "capacity": 27,
        "bikes_available": 10,
        "docks_available": 14,
        "fullness": 0.3704
      }
    },
    {
      "type": "Feature",
      "geometry": {
        "type": "Point",
        "coordinates": [
          -79.311683,
          43.685613
        ]
      },
      "properties": {
        "station_id": "7659",
        "name": "Amroth Ave / Danforth Ave",
        "capacity": 19,
        "bikes_available": 2,
        "docks_available": 17,
        "fullness": 0.1053
      }
    },
    {
      "type": "Feature",
      "geometry": {
        "type": "Point",
        "coordinates": [
          -79.379625,
          43.656633
        ]
      },
      "properties": {
        "station_id": "7660",
        "name": "285 Victoria St",
        "capacity": 39,
        "bikes_available": 24,
        "docks_available": 14,
        "fullness": 0.6154
      }
    },
    {
      "type": "Feature",
      "geometry": {
        "type": "Point",
        "coordinates": [
          -79.440814,
          43.639311
        ]
      },
      "properties": {
        "station_id": "7662",
        "name": "Beaty Ave / Queen St W",
        "capacity": 19,
        "bikes_available": 14,
        "docks_available": 5,
        "fullness": 0.7368
      }
    },
    {
      "type": "Feature",
      "geometry": {
        "type": "Point",
        "coordinates": [
          -79.371914,
          43.718039
        ]
      },
      "properties": {
        "station_id": "7663",
        "name": "Kilgour Rd / Rumsey Rd",
        "capacity": 17,
        "bikes_available": 9,
        "docks_available": 8,
        "fullness": 0.5294
      }
    },
    {
      "type": "Feature",
      "geometry": {
        "type": "Point",
        "coordinates": [
          -79.37644,
          43.72268
        ]
      },
      "properties": {
        "station_id": "7664",
        "name": "Sunnybrook Health Centre - L Wing",
        "capacity": 15,
        "bikes_available": 9,
        "docks_available": 4,
        "fullness": 0.6
      }
    },
    {
      "type": "Feature",
      "geometry": {
        "type": "Point",
        "coordinates": [
          -79.377456,
          43.720998
        ]
      },
      "properties": {
        "station_id": "7665",
        "name": "Sunnybrook Health Centre - S Wing",
        "capacity": 11,
        "bikes_available": 11,
        "docks_available": 0,
        "fullness": 1
      }
    },
    {
      "type": "Feature",
      "geometry": {
        "type": "Point",
        "coordinates": [
          -79.440765,
          43.650422
        ]
      },
      "properties": {
        "station_id": "7666",
        "name": "Dundas St W / St Helen's Ave - SMART",
        "capacity": 26,
        "bikes_available": 10,
        "docks_available": 16,
        "fullness": 0.3846
      }
    },
    {
      "type": "Feature",
      "geometry": {
        "type": "Point",
        "coordinates": [
          -79.402794,
          43.6641
        ]
      },
      "properties": {
        "station_id": "7667",
        "name": "Spadina Ave / Sussex Ave ",
        "capacity": 15,
        "bikes_available": 2,
        "docks_available": 13,
        "fullness": 0.1333
      }
    },
    {
      "type": "Feature",
      "geometry": {
        "type": "Point",
        "coordinates": [
          -79.389295,
          43.655103
        ]
      },
      "properties": {
        "station_id": "7668",
        "name": "Simcoe St / Dundas St W",
        "capacity": 20,
        "bikes_available": 14,
        "docks_available": 6,
        "fullness": 0.7
      }
    },
    {
      "type": "Feature",
      "geometry": {
        "type": "Point",
        "coordinates": [
          -79.399151,
          43.709609
        ]
      },
      "properties": {
        "station_id": "7671",
        "name": "Yonge St / Montgomery Ave - SMART",
        "capacity": 12,
        "bikes_available": 4,
        "docks_available": 8,
        "fullness": 0.3333
      }
    },
    {
      "type": "Feature",
      "geometry": {
        "type": "Point",
        "coordinates": [
          -79.432446,
          43.64957
        ]
      },
      "properties": {
        "station_id": "7675",
        "name": "1525 Dundas St W",
        "capacity": 15,
        "bikes_available": 14,
        "docks_available": 0,
        "fullness": 0.9333
      }
    },
    {
      "type": "Feature",
      "geometry": {
        "type": "Point",
        "coordinates": [
          -79.381425,
          43.727365
        ]
      },
      "properties": {
        "station_id": "7676",
        "name": "York University (Glendon Campus) - SMART",
        "capacity": 16,
        "bikes_available": 0,
        "docks_available": 14,
        "fullness": 0
      }
    },
    {
      "type": "Feature",
      "geometry": {
        "type": "Point",
        "coordinates": [
          -79.392459,
          43.684618
        ]
      },
      "properties": {
        "station_id": "7677",
        "name": "1303 Yonge St - SMART",
        "capacity": 15,
        "bikes_available": 0,
        "docks_available": 14,
        "fullness": 0
      }
    },
    {
      "type": "Feature",
      "geometry": {
        "type": "Point",
        "coordinates": [
          -79.5002,
          43.77345
        ]
      },
      "properties": {
        "station_id": "7678",
        "name": "York University Station (South) - SMART",
        "capacity": 16,
        "bikes_available": 0,
        "docks_available": 16,
        "fullness": 0
      }
    },
    {
      "type": "Feature",
      "geometry": {
        "type": "Point",
        "coordinates": [
          -79.5005,
          43.7741
        ]
      },
      "properties": {
        "station_id": "7679",
        "name": "York University Station (North)",
        "capacity": 15,
        "bikes_available": 0,
        "docks_available": 14,
        "fullness": 0
      }
    },
    {
      "type": "Feature",
      "geometry": {
        "type": "Point",
        "coordinates": [
          -79.341057,
          43.654484
        ]
      },
      "properties": {
        "station_id": "7681",
        "name": "25 Booth Ave",
        "capacity": 24,
        "bikes_available": 5,
        "docks_available": 19,
        "fullness": 0.2083
      }
    },
    {
      "type": "Feature",
      "geometry": {
        "type": "Point",
        "coordinates": [
          -79.401388,
          43.641348
        ]
      },
      "properties": {
        "station_id": "7682",
        "name": "Bathurst St / Front St W",
        "capacity": 35,
        "bikes_available": 25,
        "docks_available": 9,
        "fullness": 0.7143
      }
    },
    {
      "type": "Feature",
      "geometry": {
        "type": "Point",
        "coordinates": [
          -79.377,
          43.64215
        ]
      },
      "properties": {
        "station_id": "7684",
        "name": "Bay St / Harbour St ",
        "capacity": 23,
        "bikes_available": 20,
        "docks_available": 3,
        "fullness": 0.8696
      }
    },
    {
      "type": "Feature",
      "geometry": {
        "type": "Point",
        "coordinates": [
          -79.39745,
          43.645102
        ]
      },
      "properties": {
        "station_id": "7685",
        "name": "King St W / Brant St",
        "capacity": 23,
        "bikes_available": 14,
        "docks_available": 8,
        "fullness": 0.6087
      }
    },
    {
      "type": "Feature",
      "geometry": {
        "type": "Point",
        "coordinates": [
          -79.370472,
          43.647821
        ]
      },
      "properties": {
        "station_id": "7686",
        "name": "Lower Jarvis St / The Esplanade",
        "capacity": 15,
        "bikes_available": 13,
        "docks_available": 2,
        "fullness": 0.8667
      }
    },
    {
      "type": "Feature",
      "geometry": {
        "type": "Point",
        "coordinates": [
          -79.434273,
          43.660202
        ]
      },
      "properties": {
        "station_id": "7687",
        "name": "Bloor St W / Gladstone Ave - SMART",
        "capacity": 11,
        "bikes_available": 2,
        "docks_available": 7,
        "fullness": 0.1818
      }
    },
    {
      "type": "Feature",
      "geometry": {
        "type": "Point",
        "coordinates": [
          -79.457371,
          43.644564
        ]
      },
      "properties": {
        "station_id": "7688",
        "name": "High Park Blvd / Parkside Dr",
        "capacity": 15,
        "bikes_available": 7,
        "docks_available": 7,
        "fullness": 0.4667
      }
    },
    {
      "type": "Feature",
      "geometry": {
        "type": "Point",
        "coordinates": [
          -79.421192,
          43.67168
        ]
      },
      "properties": {
        "station_id": "7691",
        "name": "Christie St / Dupont St",
        "capacity": 19,
        "bikes_available": 2,
        "docks_available": 11,
        "fullness": 0.1053
      }
    },
    {
      "type": "Feature",
      "geometry": {
        "type": "Point",
        "coordinates": [
          -79.297133,
          43.670069
        ]
      },
      "properties": {
        "station_id": "7692",
        "name": "85 Lee Ave",
        "capacity": 26,
        "bikes_available": 14,
        "docks_available": 1,
        "fullness": 0.5385
      }
    },
    {
      "type": "Feature",
      "geometry": {
        "type": "Point",
        "coordinates": [
          -79.374961,
          43.65492
        ]
      },
      "properties": {
        "station_id": "7693",
        "name": "Mutual St / Shuter St",
        "capacity": 23,
        "bikes_available": 11,
        "docks_available": 12,
        "fullness": 0.4783
      }
    },
    {
      "type": "Feature",
      "geometry": {
        "type": "Point",
        "coordinates": [
          -79.29511,
          43.706466
        ]
      },
      "properties": {
        "station_id": "7694",
        "name": "Victoria Park Ave / Dawes Rd",
        "capacity": 19,
        "bikes_available": 3,
        "docks_available": 15,
        "fullness": 0.1579
      }
    },
    {
      "type": "Feature",
      "geometry": {
        "type": "Point",
        "coordinates": [
          -79.308117,
          43.667763
        ]
      },
      "properties": {
        "station_id": "7695",
        "name": "Queen St E / Joseph Duggan Rd",
        "capacity": 19,
        "bikes_available": 16,
        "docks_available": 2,
        "fullness": 0.8421
      }
    },
    {
      "type": "Feature",
      "geometry": {
        "type": "Point",
        "coordinates": [
          -79.30687,
          43.675081
        ]
      },
      "properties": {
        "station_id": "7696",
        "name": "Heyworth Cres / Kingston Rd",
        "capacity": 19,
        "bikes_available": 16,
        "docks_available": 3,
        "fullness": 0.8421
      }
    },
    {
      "type": "Feature",
      "geometry": {
        "type": "Point",
        "coordinates": [
          -79.453931,
          43.675666
        ]
      },
      "properties": {
        "station_id": "7698",
        "name": "St. Clair Ave W / Caledonia Rd",
        "capacity": 14,
        "bikes_available": 3,
        "docks_available": 10,
        "fullness": 0.2143
      }
    },
    {
      "type": "Feature",
      "geometry": {
        "type": "Point",
        "coordinates": [
          -79.435364,
          43.678177
        ]
      },
      "properties": {
        "station_id": "7699",
        "name": "St Clair Ave W / Oakwood Ave",
        "capacity": 15,
        "bikes_available": 1,
        "docks_available": 14,
        "fullness": 0.0667
      }
    },
    {
      "type": "Feature",
      "geometry": {
        "type": "Point",
        "coordinates": [
          -79.43469,
          43.68005
        ]
      },
      "properties": {
        "station_id": "7700",
        "name": "St. Clair Ave W / Robina Ave",
        "capacity": 15,
        "bikes_available": 3,
        "docks_available": 12,
        "fullness": 0.2
      }
    },
    {
      "type": "Feature",
      "geometry": {
        "type": "Point",
        "coordinates": [
          -79.448794,
          43.646314
        ]
      },
      "properties": {
        "station_id": "7701",
        "name": "Roncesvalles Ave / Fermanagh Ave",
        "capacity": 19,
        "bikes_available": 10,
        "docks_available": 6,
        "fullness": 0.5263
      }
    },
    {
      "type": "Feature",
      "geometry": {
        "type": "Point",
        "coordinates": [
          -79.349937,
          43.659348
        ]
      },
      "properties": {
        "station_id": "7702",
        "name": "111 Broadview Ave",
        "capacity": 18,
        "bikes_available": 16,
        "docks_available": 0,
        "fullness": 0.8889
      }
    },
    {
      "type": "Feature",
      "geometry": {
        "type": "Point",
        "coordinates": [
          -79.330446,
          43.680494
        ]
      },
      "properties": {
        "station_id": "7704",
        "name": "24 Mountjoy Ave",
        "capacity": 19,
        "bikes_available": 5,
        "docks_available": 14,
        "fullness": 0.2632
      }
    },
    {
      "type": "Feature",
      "geometry": {
        "type": "Point",
        "coordinates": [
          -79.341334,
          43.662366
        ]
      },
      "properties": {
        "station_id": "7705",
        "name": "Colgate Ave / Carlaw Ave",
        "capacity": 19,
        "bikes_available": 19,
        "docks_available": 0,
        "fullness": 1
      }
    },
    {
      "type": "Feature",
      "geometry": {
        "type": "Point",
        "coordinates": [
          -79.326316,
          43.679135
        ]
      },
      "properties": {
        "station_id": "7706",
        "name": "Felstead Ave/Gillard Ave (Monarch Park)",
        "capacity": 27,
        "bikes_available": 5,
        "docks_available": 22,
        "fullness": 0.1852
      }
    },
    {
      "type": "Feature",
      "geometry": {
        "type": "Point",
        "coordinates": [
          -79.403341,
          43.635007
        ]
      },
      "properties": {
        "station_id": "7707",
        "name": "Coronation Park (Martin Goodman Trail)",
        "capacity": 19,
        "bikes_available": 4,
        "docks_available": 14,
        "fullness": 0.2105
      }
    },
    {
      "type": "Feature",
      "geometry": {
        "type": "Point",
        "coordinates": [
          -79.311094,
          43.686868
        ]
      },
      "properties": {
        "station_id": "7708",
        "name": "101 Cedarvale Ave",
        "capacity": 28,
        "bikes_available": 16,
        "docks_available": 2,
        "fullness": 0.5714
      }
    },
    {
      "type": "Feature",
      "geometry": {
        "type": "Point",
        "coordinates": [
          -79.394667,
          43.695875
        ]
      },
      "properties": {
        "station_id": "7709",
        "name": "Beltline Trail / Yonge St",
        "capacity": 23,
        "bikes_available": 2,
        "docks_available": 19,
        "fullness": 0.087
      }
    },
    {
      "type": "Feature",
      "geometry": {
        "type": "Point",
        "coordinates": [
          -79.404136,
          43.667725
        ]
      },
      "properties": {
        "station_id": "7710",
        "name": "11 Spadina Rd",
        "capacity": 18,
        "bikes_available": 1,
        "docks_available": 9,
        "fullness": 0.0556
      }
    },
    {
      "type": "Feature",
      "geometry": {
        "type": "Point",
        "coordinates": [
          -79.430246,
          43.655479
        ]
      },
      "properties": {
        "station_id": "7711",
        "name": "Havelock St / Dewson St",
        "capacity": 15,
        "bikes_available": 3,
        "docks_available": 12,
        "fullness": 0.2
      }
    },
    {
      "type": "Feature",
      "geometry": {
        "type": "Point",
        "coordinates": [
          -79.416104,
          43.644246
        ]
      },
      "properties": {
        "station_id": "7712",
        "name": "Queen St W / Shaw St",
        "capacity": 23,
        "bikes_available": 22,
        "docks_available": 1,
        "fullness": 0.9565
      }
    },
    {
      "type": "Feature",
      "geometry": {
        "type": "Point",
        "coordinates": [
          -79.381285,
          43.6506
        ]
      },
      "properties": {
        "station_id": "7713",
        "name": "Temperance St / Bay St",
        "capacity": 19,
        "bikes_available": 3,
        "docks_available": 16,
        "fullness": 0.1579
      }
    },
    {
      "type": "Feature",
      "geometry": {
        "type": "Point",
        "coordinates": [
          -79.314283,
          43.693187
        ]
      },
      "properties": {
        "station_id": "7715",
        "name": "Lumsden Ave / Cedarvale Ave",
        "capacity": 11,
        "bikes_available": 5,
        "docks_available": 5,
        "fullness": 0.4545
      }
    },
    {
      "type": "Feature",
      "geometry": {
        "type": "Point",
        "coordinates": [
          -79.373319,
          43.646925
        ]
      },
      "properties": {
        "station_id": "7716",
        "name": "Church St / The Esplanade",
        "capacity": 19,
        "bikes_available": 12,
        "docks_available": 6,
        "fullness": 0.6316
      }
    },
    {
      "type": "Feature",
      "geometry": {
        "type": "Point",
        "coordinates": [
          -79.39959,
          43.642453
        ]
      },
      "properties": {
        "station_id": "7717",
        "name": "Niagara St / Portland St",
        "capacity": 11,
        "bikes_available": 10,
        "docks_available": 0,
        "fullness": 0.9091
      }
    },
    {
      "type": "Feature",
      "geometry": {
        "type": "Point",
        "coordinates": [
          -79.399586,
          43.646552
        ]
      },
      "properties": {
        "station_id": "7718",
        "name": "St. Andrew's Playground Park",
        "capacity": 11,
        "bikes_available": 7,
        "docks_available": 4,
        "fullness": 0.6364
      }
    },
    {
      "type": "Feature",
      "geometry": {
        "type": "Point",
        "coordinates": [
          -79.400654,
          43.644395
        ]
      },
      "properties": {
        "station_id": "7720",
        "name": "King St W / Portland St ",
        "capacity": 31,
        "bikes_available": 11,
        "docks_available": 20,
        "fullness": 0.3548
      }
    },
    {
      "type": "Feature",
      "geometry": {
        "type": "Point",
        "coordinates": [
          -79.391206,
          43.646357
        ]
      },
      "properties": {
        "station_id": "7721",
        "name": "Widmer St / King St W",
        "capacity": 11,
        "bikes_available": 2,
        "docks_available": 8,
        "fullness": 0.1818
      }
    },
    {
      "type": "Feature",
      "geometry": {
        "type": "Point",
        "coordinates": [
          -79.449766,
          43.65855
        ]
      },
      "properties": {
        "station_id": "7728",
        "name": "Randolph Ave / Perth Ave",
        "capacity": 19,
        "bikes_available": 5,
        "docks_available": 14,
        "fullness": 0.2632
      }
    },
    {
      "type": "Feature",
      "geometry": {
        "type": "Point",
        "coordinates": [
          -79.482969,
          43.650164
        ]
      },
      "properties": {
        "station_id": "7729",
        "name": "265 Armadale Ave",
        "capacity": 45,
        "bikes_available": 33,
        "docks_available": 8,
        "fullness": 0.7333
      }
    },
    {
      "type": "Feature",
      "geometry": {
        "type": "Point",
        "coordinates": [
          -79.408805,
          43.63671
        ]
      },
      "properties": {
        "station_id": "7730",
        "name": "800 Fleet St (South)",
        "capacity": 43,
        "bikes_available": 34,
        "docks_available": 0,
        "fullness": 0.7907
      }
    },
    {
      "type": "Feature",
      "geometry": {
        "type": "Point",
        "coordinates": [
          -79.28357,
          43.68035
        ]
      },
      "properties": {
        "station_id": "7731",
        "name": "Victoria Park Ave / Kingston Rd",
        "capacity": 15,
        "bikes_available": 4,
        "docks_available": 8,
        "fullness": 0.2667
      }
    },
    {
      "type": "Feature",
      "geometry": {
        "type": "Point",
        "coordinates": [
          -79.270466,
          43.688241
        ]
      },
      "properties": {
        "station_id": "7732",
        "name": "Kingston Rd / Warden Ave",
        "capacity": 15,
        "bikes_available": 4,
        "docks_available": 11,
        "fullness": 0.2667
      }
    },
    {
      "type": "Feature",
      "geometry": {
        "type": "Point",
        "coordinates": [
          -79.2834,
          43.692948
        ]
      },
      "properties": {
        "station_id": "7733",
        "name": "Pharmacy Ave / Danforth Ave",
        "capacity": 15,
        "bikes_available": 3,
        "docks_available": 11,
        "fullness": 0.2
      }
    },
    {
      "type": "Feature",
      "geometry": {
        "type": "Point",
        "coordinates": [
          -79.271807,
          43.695019
        ]
      },
      "properties": {
        "station_id": "7734",
        "name": "Danforth Ave / Warden Ave",
        "capacity": 15,
        "bikes_available": 0,
        "docks_available": 15,
        "fullness": 0
      }
    },
    {
      "type": "Feature",
      "geometry": {
        "type": "Point",
        "coordinates": [
          -79.265027,
          43.691688
        ]
      },
      "properties": {
        "station_id": "7735",
        "name": "Birchcliff Ave / Kingston Rd",
        "capacity": 15,
        "bikes_available": 8,
        "docks_available": 6,
        "fullness": 0.5333
      }
    },
    {
      "type": "Feature",
      "geometry": {
        "type": "Point",
        "coordinates": [
          -79.262572,
          43.694013
        ]
      },
      "properties": {
        "station_id": "7736",
        "name": "Birchmount Rd / Kingston Rd",
        "capacity": 15,
        "bikes_available": 0,
        "docks_available": 12,
        "fullness": 0
      }
    },
    {
      "type": "Feature",
      "geometry": {
        "type": "Point",
        "coordinates": [
          -79.256551,
          43.69749
        ]
      },
      "properties": {
        "station_id": "7737",
        "name": "Kingston Rd / Glen Everest Rd",
        "capacity": 15,
        "bikes_available": 3,
        "docks_available": 12,
        "fullness": 0.2
      }
    },
    {
      "type": "Feature",
      "geometry": {
        "type": "Point",
        "coordinates": [
          -79.256317,
          43.702419
        ]
      },
      "properties": {
        "station_id": "7738",
        "name": "Highview Ave / Kennedy Rd",
        "capacity": 15,
        "bikes_available": 0,
        "docks_available": 15,
        "fullness": 0
      }
    },
    {
      "type": "Feature",
      "geometry": {
        "type": "Point",
        "coordinates": [
          -79.251044,
          43.706436
        ]
      },
      "properties": {
        "station_id": "7739",
        "name": "Kingston Rd / Ridgemoor Ave",
        "capacity": 15,
        "bikes_available": 4,
        "docks_available": 11,
        "fullness": 0.2667
      }
    },
    {
      "type": "Feature",
      "geometry": {
        "type": "Point",
        "coordinates": [
          -79.254117,
          43.710598
        ]
      },
      "properties": {
        "station_id": "7740",
        "name": "Sharpe St / Park St (Sandown Park)",
        "capacity": 15,
        "bikes_available": 4,
        "docks_available": 11,
        "fullness": 0.2667
      }
    },
    {
      "type": "Feature",
      "geometry": {
        "type": "Point",
        "coordinates": [
          -79.458111,
          43.648657
        ]
      },
      "properties": {
        "station_id": "7741",
        "name": "Howard Park Ave / Parkside Dr",
        "capacity": 15,
        "bikes_available": 11,
        "docks_available": 4,
        "fullness": 0.7333
      }
    },
    {
      "type": "Feature",
      "geometry": {
        "type": "Point",
        "coordinates": [
          -79.457933,
          43.693878
        ]
      },
      "properties": {
        "station_id": "7742",
        "name": "Eglinton Ave W / Prospect Cemetery",
        "capacity": 19,
        "bikes_available": 5,
        "docks_available": 14,
        "fullness": 0.2632
      }
    },
    {
      "type": "Feature",
      "geometry": {
        "type": "Point",
        "coordinates": [
          -79.463328,
          43.692547
        ]
      },
      "properties": {
        "station_id": "7743",
        "name": "Eglinton Ave W / Gilbert Ave",
        "capacity": 19,
        "bikes_available": 7,
        "docks_available": 12,
        "fullness": 0.3684
      }
    },
    {
      "type": "Feature",
      "geometry": {
        "type": "Point",
        "coordinates": [
          -79.455765,
          43.68323
        ]
      },
      "properties": {
        "station_id": "7744",
        "name": "Rogers Rd / Prospect Cemetery",
        "capacity": 23,
        "bikes_available": 6,
        "docks_available": 17,
        "fullness": 0.2609
      }
    },
    {
      "type": "Feature",
      "geometry": {
        "type": "Point",
        "coordinates": [
          -79.460265,
          43.688028
        ]
      },
      "properties": {
        "station_id": "7745",
        "name": "Bert Robinson Park",
        "capacity": 15,
        "bikes_available": 6,
        "docks_available": 7,
        "fullness": 0.4
      }
    },
    {
      "type": "Feature",
      "geometry": {
        "type": "Point",
        "coordinates": [
          -79.44099,
          43.70163
        ]
      },
      "properties": {
        "station_id": "7746",
        "name": "Marlee Ave / York Beltline Trail",
        "capacity": 19,
        "bikes_available": 0,
        "docks_available": 19,
        "fullness": 0
      }
    },
    {
      "type": "Feature",
      "geometry": {
        "type": "Point",
        "coordinates": [
          -79.454176,
          43.694694
        ]
      },
      "properties": {
        "station_id": "7747",
        "name": "Eglinton Ave W / Ennerdale Rd",
        "capacity": 15,
        "bikes_available": 0,
        "docks_available": 15,
        "fullness": 0
      }
    },
    {
      "type": "Feature",
      "geometry": {
        "type": "Point",
        "coordinates": [
          -79.496334,
          43.650169
        ]
      },
      "properties": {
        "station_id": "7748",
        "name": "Bloor St W / Old Mill Trl",
        "capacity": 19,
        "bikes_available": 10,
        "docks_available": 8,
        "fullness": 0.5263
      }
    },
    {
      "type": "Feature",
      "geometry": {
        "type": "Point",
        "coordinates": [
          -79.50602,
          43.6492
        ]
      },
      "properties": {
        "station_id": "7749",
        "name": "Wendover Rd / Bloor St W (Green P)",
        "capacity": 15,
        "bikes_available": 3,
        "docks_available": 12,
        "fullness": 0.2
      }
    },
    {
      "type": "Feature",
      "geometry": {
        "type": "Point",
        "coordinates": [
          -79.293952,
          43.689766
        ]
      },
      "properties": {
        "station_id": "7750",
        "name": "Luttrell Ave / Danforth Ave",
        "capacity": 15,
        "bikes_available": 0,
        "docks_available": 15,
        "fullness": 0
      }
    },
    {
      "type": "Feature",
      "geometry": {
        "type": "Point",
        "coordinates": [
          -79.510392,
          43.64817
        ]
      },
      "properties": {
        "station_id": "7751",
        "name": "Willingdon Blvd / Bloor St W (Green P)",
        "capacity": 15,
        "bikes_available": 2,
        "docks_available": 13,
        "fullness": 0.1333
      }
    },
    {
      "type": "Feature",
      "geometry": {
        "type": "Point",
        "coordinates": [
          -79.467492,
          43.635764
        ]
      },
      "properties": {
        "station_id": "7752",
        "name": "1926 Lake Shore Blvd W",
        "capacity": 23,
        "bikes_available": 17,
        "docks_available": 5,
        "fullness": 0.7391
      }
    },
    {
      "type": "Feature",
      "geometry": {
        "type": "Point",
        "coordinates": [
          -79.483813,
          43.623692
        ]
      },
      "properties": {
        "station_id": "7753",
        "name": "36 Park Lawn Rd",
        "capacity": 15,
        "bikes_available": 12,
        "docks_available": 2,
        "fullness": 0.8
      }
    },
    {
      "type": "Feature",
      "geometry": {
        "type": "Point",
        "coordinates": [
          -79.449363,
          43.699327
        ]
      },
      "properties": {
        "station_id": "7754",
        "name": "Walter Saunders Park",
        "capacity": 14,
        "bikes_available": 1,
        "docks_available": 12,
        "fullness": 0.0714
      }
    },
    {
      "type": "Feature",
      "geometry": {
        "type": "Point",
        "coordinates": [
          -79.493252,
          43.636052
        ]
      },
      "properties": {
        "station_id": "7755",
        "name": "Park Lawn Rd / Berry Rd",
        "capacity": 15,
        "bikes_available": 12,
        "docks_available": 3,
        "fullness": 0.8
      }
    },
    {
      "type": "Feature",
      "geometry": {
        "type": "Point",
        "coordinates": [
          -79.510705,
          43.761817
        ]
      },
      "properties": {
        "station_id": "7756",
        "name": "Tobermory Dr / Finch Corridor Trail",
        "capacity": 19,
        "bikes_available": 0,
        "docks_available": 18,
        "fullness": 0
      }
    },
    {
      "type": "Feature",
      "geometry": {
        "type": "Point",
        "coordinates": [
          -79.394301,
          43.643025
        ]
      },
      "properties": {
        "station_id": "7757",
        "name": "The Well",
        "capacity": 19,
        "bikes_available": 17,
        "docks_available": 1,
        "fullness": 0.8947
      }
    },
    {
      "type": "Feature",
      "geometry": {
        "type": "Point",
        "coordinates": [
          -79.516278,
          43.760362
        ]
      },
      "properties": {
        "station_id": "7758",
        "name": "Driftwood Ave / Finch Corridor Trail",
        "capacity": 19,
        "bikes_available": 0,
        "docks_available": 17,
        "fullness": 0
      }
    },
    {
      "type": "Feature",
      "geometry": {
        "type": "Point",
        "coordinates": [
          -79.511912,
          43.772445
        ]
      },
      "properties": {
        "station_id": "7759",
        "name": "The Pond Rd / Shoreham Dr",
        "capacity": 15,
        "bikes_available": 0,
        "docks_available": 14,
        "fullness": 0
      }
    },
    {
      "type": "Feature",
      "geometry": {
        "type": "Point",
        "coordinates": [
          -79.490054,
          43.623708
        ]
      },
      "properties": {
        "station_id": "7760",
        "name": "Grand Avenue Park",
        "capacity": 23,
        "bikes_available": 5,
        "docks_available": 18,
        "fullness": 0.2174
      }
    },
    {
      "type": "Feature",
      "geometry": {
        "type": "Point",
        "coordinates": [
          -79.370638,
          43.655972
        ]
      },
      "properties": {
        "station_id": "7761",
        "name": "Moss Park",
        "capacity": 15,
        "bikes_available": 8,
        "docks_available": 7,
        "fullness": 0.5333
      }
    },
    {
      "type": "Feature",
      "geometry": {
        "type": "Point",
        "coordinates": [
          -79.394795,
          43.659153
        ]
      },
      "properties": {
        "station_id": "7762",
        "name": "College St / Henry St ",
        "capacity": 14,
        "bikes_available": 10,
        "docks_available": 4,
        "fullness": 0.7143
      }
    },
    {
      "type": "Feature",
      "geometry": {
        "type": "Point",
        "coordinates": [
          -79.475021,
          43.665268
        ]
      },
      "properties": {
        "station_id": "7765",
        "name": "St. John's Rd / Dundas St W",
        "capacity": 15,
        "bikes_available": 2,
        "docks_available": 11,
        "fullness": 0.1333
      }
    },
    {
      "type": "Feature",
      "geometry": {
        "type": "Point",
        "coordinates": [
          -79.410103,
          43.665541
        ]
      },
      "properties": {
        "station_id": "7766",
        "name": "Albany Ave / Bloor St W",
        "capacity": 15,
        "bikes_available": 3,
        "docks_available": 12,
        "fullness": 0.2
      }
    },
    {
      "type": "Feature",
      "geometry": {
        "type": "Point",
        "coordinates": [
          -79.508536,
          43.77649
        ]
      },
      "properties": {
        "station_id": "7767",
        "name": "Pioneer Village Subway Station",
        "capacity": 11,
        "bikes_available": 0,
        "docks_available": 9,
        "fullness": 0
      }
    },
    {
      "type": "Feature",
      "geometry": {
        "type": "Point",
        "coordinates": [
          -79.385911,
          43.653518
        ]
      },
      "properties": {
        "station_id": "7768",
        "name": "Armoury St / Chestnut St",
        "capacity": 14,
        "bikes_available": 14,
        "docks_available": 0,
        "fullness": 1
      }
    },
    {
      "type": "Feature",
      "geometry": {
        "type": "Point",
        "coordinates": [
          -79.544182,
          43.59141
        ]
      },
      "properties": {
        "station_id": "7769",
        "name": "Lake Shore Blvd W / Brow Dr",
        "capacity": 15,
        "bikes_available": 6,
        "docks_available": 9,
        "fullness": 0.4
      }
    },
    {
      "type": "Feature",
      "geometry": {
        "type": "Point",
        "coordinates": [
          -79.396981,
          43.650828
        ]
      },
      "properties": {
        "station_id": "7770",
        "name": "Spadina Ave / Sullivan St",
        "capacity": 23,
        "bikes_available": 10,
        "docks_available": 13,
        "fullness": 0.4348
      }
    },
    {
      "type": "Feature",
      "geometry": {
        "type": "Point",
        "coordinates": [
          -79.460685,
          43.673927
        ]
      },
      "properties": {
        "station_id": "7771",
        "name": "St. Clair Ave W / Osler St",
        "capacity": 11,
        "bikes_available": 1,
        "docks_available": 8,
        "fullness": 0.0909
      }
    },
    {
      "type": "Feature",
      "geometry": {
        "type": "Point",
        "coordinates": [
          -79.386044,
          43.647508
        ]
      },
      "properties": {
        "station_id": "7772",
        "name": "Simcoe St / King St W",
        "capacity": 15,
        "bikes_available": 7,
        "docks_available": 8,
        "fullness": 0.4667
      }
    },
    {
      "type": "Feature",
      "geometry": {
        "type": "Point",
        "coordinates": [
          -79.334136,
          43.715132
        ]
      },
      "properties": {
        "station_id": "7773",
        "name": "Grenoble Dr / Gateway Blvd",
        "capacity": 14,
        "bikes_available": 0,
        "docks_available": 12,
        "fullness": 0
      }
    },
    {
      "type": "Feature",
      "geometry": {
        "type": "Point",
        "coordinates": [
          -79.330894,
          43.716497
        ]
      },
      "properties": {
        "station_id": "7774",
        "name": "Grenoble Dr / Deauville Ln",
        "capacity": 15,
        "bikes_available": 1,
        "docks_available": 14,
        "fullness": 0.0667
      }
    },
    {
      "type": "Feature",
      "geometry": {
        "type": "Point",
        "coordinates": [
          -79.328114,
          43.715538
        ]
      },
      "properties": {
        "station_id": "7775",
        "name": "Grenoble Dr / Vendome Pl",
        "capacity": 11,
        "bikes_available": 0,
        "docks_available": 11,
        "fullness": 0
      }
    },
    {
      "type": "Feature",
      "geometry": {
        "type": "Point",
        "coordinates": [
          -79.332,
          43.719633
        ]
      },
      "properties": {
        "station_id": "7776",
        "name": "Ferrand Dr / Rochefort Dr",
        "capacity": 19,
        "bikes_available": 0,
        "docks_available": 19,
        "fullness": 0
      }
    },
    {
      "type": "Feature",
      "geometry": {
        "type": "Point",
        "coordinates": [
          -79.34807,
          43.704004
        ]
      },
      "properties": {
        "station_id": "7777",
        "name": "Thorncliffe Park Dr / Leaside Park Trail",
        "capacity": 15,
        "bikes_available": 1,
        "docks_available": 13,
        "fullness": 0.0667
      }
    },
    {
      "type": "Feature",
      "geometry": {
        "type": "Point",
        "coordinates": [
          -79.342247,
          43.705183
        ]
      },
      "properties": {
        "station_id": "7778",
        "name": "75 Thorncliffe Park Dr",
        "capacity": 11,
        "bikes_available": 4,
        "docks_available": 4,
        "fullness": 0.3636
      }
    },
    {
      "type": "Feature",
      "geometry": {
        "type": "Point",
        "coordinates": [
          -79.368006,
          43.705875
        ]
      },
      "properties": {
        "station_id": "7779",
        "name": "165 McRae Dr",
        "capacity": 15,
        "bikes_available": 0,
        "docks_available": 15,
        "fullness": 0
      }
    },
    {
      "type": "Feature",
      "geometry": {
        "type": "Point",
        "coordinates": [
          -79.38736,
          43.700882
        ]
      },
      "properties": {
        "station_id": "7780",
        "name": "Mount Pleasant Rd / Davisville Ave - SMART",
        "capacity": 16,
        "bikes_available": 6,
        "docks_available": 10,
        "fullness": 0.375
      }
    },
    {
      "type": "Feature",
      "geometry": {
        "type": "Point",
        "coordinates": [
          -79.400995,
          43.686889
        ]
      },
      "properties": {
        "station_id": "7781",
        "name": "St. Clair Ave W / Avenue Rd ",
        "capacity": 15,
        "bikes_available": 6,
        "docks_available": 7,
        "fullness": 0.4
      }
    },
    {
      "type": "Feature",
      "geometry": {
        "type": "Point",
        "coordinates": [
          -79.479626,
          43.753107
        ]
      },
      "properties": {
        "station_id": "7782",
        "name": "Downsview Park Subway Station - SMART",
        "capacity": 20,
        "bikes_available": 0,
        "docks_available": 19,
        "fullness": 0
      }
    },
    {
      "type": "Feature",
      "geometry": {
        "type": "Point",
        "coordinates": [
          -79.475212,
          43.747964
        ]
      },
      "properties": {
        "station_id": "7783",
        "name": "60 Carl Hall Rd - SMART",
        "capacity": 20,
        "bikes_available": 0,
        "docks_available": 19,
        "fullness": 0
      }
    },
    {
      "type": "Feature",
      "geometry": {
        "type": "Point",
        "coordinates": [
          -79.482272,
          43.736738
        ]
      },
      "properties": {
        "station_id": "7784",
        "name": "Downsview Park Blvd / Keele St  - SMART",
        "capacity": 20,
        "bikes_available": 1,
        "docks_available": 19,
        "fullness": 0.05
      }
    },
    {
      "type": "Feature",
      "geometry": {
        "type": "Point",
        "coordinates": [
          -79.486966,
          43.74945
        ]
      },
      "properties": {
        "station_id": "7785",
        "name": "Keele St / Dovehouse Ave - SMART",
        "capacity": 16,
        "bikes_available": 0,
        "docks_available": 16,
        "fullness": 0
      }
    },
    {
      "type": "Feature",
      "geometry": {
        "type": "Point",
        "coordinates": [
          -79.38977,
          43.637371
        ]
      },
      "properties": {
        "station_id": "7787",
        "name": "HTO Park West",
        "capacity": 31,
        "bikes_available": 29,
        "docks_available": 1,
        "fullness": 0.9355
      }
    },
    {
      "type": "Feature",
      "geometry": {
        "type": "Point",
        "coordinates": [
          -79.369086,
          43.643658
        ]
      },
      "properties": {
        "station_id": "7788",
        "name": "Queens Quay E / Lower Jarvis St ",
        "capacity": 49,
        "bikes_available": 28,
        "docks_available": 18,
        "fullness": 0.5714
      }
    },
    {
      "type": "Feature",
      "geometry": {
        "type": "Point",
        "coordinates": [
          -79.39625,
          43.706328
        ]
      },
      "properties": {
        "station_id": "7789",
        "name": "75 Holly St",
        "capacity": 23,
        "bikes_available": 19,
        "docks_available": 2,
        "fullness": 0.8261
      }
    },
    {
      "type": "Feature",
      "geometry": {
        "type": "Point",
        "coordinates": [
          -79.414232,
          43.639125
        ]
      },
      "properties": {
        "station_id": "7790",
        "name": "Lynn Williams St / Pirandello St ",
        "capacity": 17,
        "bikes_available": 8,
        "docks_available": 9,
        "fullness": 0.4706
      }
    },
    {
      "type": "Feature",
      "geometry": {
        "type": "Point",
        "coordinates": [
          -79.419332,
          43.645702
        ]
      },
      "properties": {
        "station_id": "7791",
        "name": "Ossington Ave / Bruce St",
        "capacity": 15,
        "bikes_available": 11,
        "docks_available": 3,
        "fullness": 0.7333
      }
    },
    {
      "type": "Feature",
      "geometry": {
        "type": "Point",
        "coordinates": [
          -79.42728,
          43.643141
        ]
      },
      "properties": {
        "station_id": "7792",
        "name": "Gladstone Ave / Queen St W",
        "capacity": 15,
        "bikes_available": 7,
        "docks_available": 7,
        "fullness": 0.4667
      }
    },
    {
      "type": "Feature",
      "geometry": {
        "type": "Point",
        "coordinates": [
          -79.380359,
          43.641017
        ]
      },
      "properties": {
        "station_id": "7794",
        "name": "York St / Harbour St (Love Park)",
        "capacity": 16,
        "bikes_available": 6,
        "docks_available": 8,
        "fullness": 0.375
      }
    },
    {
      "type": "Feature",
      "geometry": {
        "type": "Point",
        "coordinates": [
          -79.358505,
          43.661152
        ]
      },
      "properties": {
        "station_id": "7796",
        "name": "Dundas St E / River St",
        "capacity": 19,
        "bikes_available": 14,
        "docks_available": 5,
        "fullness": 0.7368
      }
    },
    {
      "type": "Feature",
      "geometry": {
        "type": "Point",
        "coordinates": [
          -79.358035,
          43.659296
        ]
      },
      "properties": {
        "station_id": "7798",
        "name": "Shuter St/River St",
        "capacity": 15,
        "bikes_available": 6,
        "docks_available": 8,
        "fullness": 0.4
      }
    },
    {
      "type": "Feature",
      "geometry": {
        "type": "Point",
        "coordinates": [
          -79.277105,
          43.693622
        ]
      },
      "properties": {
        "station_id": "7799",
        "name": "Danforth Ave / Danforth Rd",
        "capacity": 15,
        "bikes_available": 0,
        "docks_available": 15,
        "fullness": 0
      }
    },
    {
      "type": "Feature",
      "geometry": {
        "type": "Point",
        "coordinates": [
          -79.243914,
          43.727041
        ]
      },
      "properties": {
        "station_id": "7800",
        "name": "Brimley Rd / McCowan District Park",
        "capacity": 19,
        "bikes_available": 2,
        "docks_available": 16,
        "fullness": 0.1053
      }
    },
    {
      "type": "Feature",
      "geometry": {
        "type": "Point",
        "coordinates": [
          -79.219952,
          43.735967
        ]
      },
      "properties": {
        "station_id": "7801",
        "name": "Parkcrest Dr / Kingston Rd",
        "capacity": 15,
        "bikes_available": 1,
        "docks_available": 14,
        "fullness": 0.0667
      }
    },
    {
      "type": "Feature",
      "geometry": {
        "type": "Point",
        "coordinates": [
          -79.43618,
          43.637358
        ]
      },
      "properties": {
        "station_id": "7802",
        "name": "King St W / Jameson Ave - SMART",
        "capacity": 12,
        "bikes_available": 3,
        "docks_available": 8,
        "fullness": 0.25
      }
    },
    {
      "type": "Feature",
      "geometry": {
        "type": "Point",
        "coordinates": [
          -79.287659,
          43.715466
        ]
      },
      "properties": {
        "station_id": "7803",
        "name": "Scarborough Soccer Centre",
        "capacity": 19,
        "bikes_available": 8,
        "docks_available": 11,
        "fullness": 0.4211
      }
    },
    {
      "type": "Feature",
      "geometry": {
        "type": "Point",
        "coordinates": [
          -79.437461,
          43.642904
        ]
      },
      "properties": {
        "station_id": "7804",
        "name": "Lansdowne Ave / Seaforth Ave ",
        "capacity": 13,
        "bikes_available": 11,
        "docks_available": 2,
        "fullness": 0.8462
      }
    },
    {
      "type": "Feature",
      "geometry": {
        "type": "Point",
        "coordinates": [
          -79.285287,
          43.697356
        ]
      },
      "properties": {
        "station_id": "7805",
        "name": "Pharmacy Ave / Teesdale Pl",
        "capacity": 19,
        "bikes_available": 1,
        "docks_available": 18,
        "fullness": 0.0526
      }
    },
    {
      "type": "Feature",
      "geometry": {
        "type": "Point",
        "coordinates": [
          -79.26851,
          43.70688
        ]
      },
      "properties": {
        "station_id": "7806",
        "name": "Danforth Rd / Birchmount Rd ",
        "capacity": 15,
        "bikes_available": 5,
        "docks_available": 10,
        "fullness": 0.3333
      }
    },
    {
      "type": "Feature",
      "geometry": {
        "type": "Point",
        "coordinates": [
          -79.270282,
          43.711763
        ]
      },
      "properties": {
        "station_id": "7807",
        "name": "552 Birchmount Rd",
        "capacity": 15,
        "bikes_available": 3,
        "docks_available": 11,
        "fullness": 0.2
      }
    },
    {
      "type": "Feature",
      "geometry": {
        "type": "Point",
        "coordinates": [
          -79.291273,
          43.711044
        ]
      },
      "properties": {
        "station_id": "7808",
        "name": "Eastgate Cres / Pharmacy Ave ",
        "capacity": 15,
        "bikes_available": 0,
        "docks_available": 14,
        "fullness": 0
      }
    },
    {
      "type": "Feature",
      "geometry": {
        "type": "Point",
        "coordinates": [
          -79.278715,
          43.703211
        ]
      },
      "properties": {
        "station_id": "7809",
        "name": "Firvalley Ct / Warden Ave",
        "capacity": 19,
        "bikes_available": 0,
        "docks_available": 19,
        "fullness": 0
      }
    },
    {
      "type": "Feature",
      "geometry": {
        "type": "Point",
        "coordinates": [
          -79.394446,
          43.669822
        ]
      },
      "properties": {
        "station_id": "7810",
        "name": "Avenue Rd / Cumberland St ",
        "capacity": 15,
        "bikes_available": 3,
        "docks_available": 12,
        "fullness": 0.2
      }
    },
    {
      "type": "Feature",
      "geometry": {
        "type": "Point",
        "coordinates": [
          -79.248709,
          43.712858
        ]
      },
      "properties": {
        "station_id": "7811",
        "name": "Midland Ave / Kingston Rd",
        "capacity": 19,
        "bikes_available": 9,
        "docks_available": 10,
        "fullness": 0.4737
      }
    },
    {
      "type": "Feature",
      "geometry": {
        "type": "Point",
        "coordinates": [
          -79.224966,
          43.732328
        ]
      },
      "properties": {
        "station_id": "7812",
        "name": "Bellamy Rd S / Kingston Rd",
        "capacity": 19,
        "bikes_available": 2,
        "docks_available": 17,
        "fullness": 0.1053
      }
    },
    {
      "type": "Feature",
      "geometry": {
        "type": "Point",
        "coordinates": [
          -79.396294,
          43.696275
        ]
      },
      "properties": {
        "station_id": "7813",
        "name": "Yonge St / Merton St ",
        "capacity": 23,
        "bikes_available": 11,
        "docks_available": 9,
        "fullness": 0.4783
      }
    },
    {
      "type": "Feature",
      "geometry": {
        "type": "Point",
        "coordinates": [
          -79.229204,
          43.726902
        ]
      },
      "properties": {
        "station_id": "7814",
        "name": "Fenwood Ht / Kingston Rd",
        "capacity": 15,
        "bikes_available": 14,
        "docks_available": 0,
        "fullness": 0.9333
      }
    },
    {
      "type": "Feature",
      "geometry": {
        "type": "Point",
        "coordinates": [
          -79.398363,
          43.677944
        ]
      },
      "properties": {
        "station_id": "7815",
        "name": "Avenue Rd / Macpherson Ave ",
        "capacity": 15,
        "bikes_available": 1,
        "docks_available": 14,
        "fullness": 0.0667
      }
    },
    {
      "type": "Feature",
      "geometry": {
        "type": "Point",
        "coordinates": [
          -79.38346,
          43.655351
        ]
      },
      "properties": {
        "station_id": "7816",
        "name": "Bay St / Dundas St W",
        "capacity": 55,
        "bikes_available": 35,
        "docks_available": 20,
        "fullness": 0.6364
      }
    },
    {
      "type": "Feature",
      "geometry": {
        "type": "Point",
        "coordinates": [
          -79.41503,
          43.641256
        ]
      },
      "properties": {
        "station_id": "7817",
        "name": "Shaw St / King St W",
        "capacity": 15,
        "bikes_available": 8,
        "docks_available": 6,
        "fullness": 0.5333
      }
    },
    {
      "type": "Feature",
      "geometry": {
        "type": "Point",
        "coordinates": [
          -79.397281,
          43.70431
        ]
      },
      "properties": {
        "station_id": "7818",
        "name": "Soudan Ave / Yonge St ",
        "capacity": 19,
        "bikes_available": 5,
        "docks_available": 14,
        "fullness": 0.2632
      }
    },
    {
      "type": "Feature",
      "geometry": {
        "type": "Point",
        "coordinates": [
          -79.405373,
          43.697112
        ]
      },
      "properties": {
        "station_id": "7819",
        "name": "Avenue Rd / Oxton Ave ",
        "capacity": 15,
        "bikes_available": 2,
        "docks_available": 12,
        "fullness": 0.1333
      }
    },
    {
      "type": "Feature",
      "geometry": {
        "type": "Point",
        "coordinates": [
          -79.423559,
          43.642992
        ]
      },
      "properties": {
        "station_id": "7821",
        "name": "Lisgar St / Queen St W - SMART",
        "capacity": 20,
        "bikes_available": 11,
        "docks_available": 9,
        "fullness": 0.55
      }
    },
    {
      "type": "Feature",
      "geometry": {
        "type": "Point",
        "coordinates": [
          -79.326615,
          43.657275
        ]
      },
      "properties": {
        "station_id": "7822",
        "name": "Leslie St / Commissioners St  ",
        "capacity": 19,
        "bikes_available": 17,
        "docks_available": 2,
        "fullness": 0.8947
      }
    },
    {
      "type": "Feature",
      "geometry": {
        "type": "Point",
        "coordinates": [
          -79.334782,
          43.686987
        ]
      },
      "properties": {
        "station_id": "7823",
        "name": "Greenwood Ave / Sammon Ave",
        "capacity": 11,
        "bikes_available": 3,
        "docks_available": 8,
        "fullness": 0.2727
      }
    },
    {
      "type": "Feature",
      "geometry": {
        "type": "Point",
        "coordinates": [
          -79.280556,
          43.711611
        ]
      },
      "properties": {
        "station_id": "7824",
        "name": "Warden Subway Station",
        "capacity": 19,
        "bikes_available": 0,
        "docks_available": 19,
        "fullness": 0
      }
    },
    {
      "type": "Feature",
      "geometry": {
        "type": "Point",
        "coordinates": [
          -79.209707,
          43.745311
        ]
      },
      "properties": {
        "station_id": "7825",
        "name": "Kingston Rd / Scarborough Golf Club Rd",
        "capacity": 14,
        "bikes_available": 3,
        "docks_available": 11,
        "fullness": 0.2143
      }
    },
    {
      "type": "Feature",
      "geometry": {
        "type": "Point",
        "coordinates": [
          -79.327827,
          43.670369
        ]
      },
      "properties": {
        "station_id": "7826",
        "name": "Greenwood Ave / Gerrard St E",
        "capacity": 15,
        "bikes_available": 14,
        "docks_available": 0,
        "fullness": 0.9333
      }
    },
    {
      "type": "Feature",
      "geometry": {
        "type": "Point",
        "coordinates": [
          -79.334246,
          43.679868
        ]
      },
      "properties": {
        "station_id": "7827",
        "name": "Chatham Ave / Byron Ave",
        "capacity": 15,
        "bikes_available": 3,
        "docks_available": 12,
        "fullness": 0.2
      }
    },
    {
      "type": "Feature",
      "geometry": {
        "type": "Point",
        "coordinates": [
          -79.304709,
          43.71602
        ]
      },
      "properties": {
        "station_id": "7828",
        "name": "Wakunda Pl / O'Connor Dr",
        "capacity": 11,
        "bikes_available": 2,
        "docks_available": 9,
        "fullness": 0.1818
      }
    },
    {
      "type": "Feature",
      "geometry": {
        "type": "Point",
        "coordinates": [
          -79.302521,
          43.707518
        ]
      },
      "properties": {
        "station_id": "7830",
        "name": "Plaxton Dr / St. Clair Ave E",
        "capacity": 15,
        "bikes_available": 0,
        "docks_available": 15,
        "fullness": 0
      }
    },
    {
      "type": "Feature",
      "geometry": {
        "type": "Point",
        "coordinates": [
          -79.299616,
          43.717679
        ]
      },
      "properties": {
        "station_id": "7831",
        "name": "Victoria Park Ave / Edge Park Ave",
        "capacity": 19,
        "bikes_available": 2,
        "docks_available": 17,
        "fullness": 0.1053
      }
    },
    {
      "type": "Feature",
      "geometry": {
        "type": "Point",
        "coordinates": [
          -79.415285,
          43.781877
        ]
      },
      "properties": {
        "station_id": "7832",
        "name": "Finch Subway Station ",
        "capacity": 19,
        "bikes_available": 1,
        "docks_available": 14,
        "fullness": 0.0526
      }
    },
    {
      "type": "Feature",
      "geometry": {
        "type": "Point",
        "coordinates": [
          -79.441691,
          43.709258
        ]
      },
      "properties": {
        "station_id": "7833",
        "name": "Glencairn Subway Station",
        "capacity": 15,
        "bikes_available": 0,
        "docks_available": 15,
        "fullness": 0
      }
    },
    {
      "type": "Feature",
      "geometry": {
        "type": "Point",
        "coordinates": [
          -79.456278,
          43.70821
        ]
      },
      "properties": {
        "station_id": "7834",
        "name": "Glen Long Community Centre",
        "capacity": 15,
        "bikes_available": 0,
        "docks_available": 15,
        "fullness": 0
      }
    },
    {
      "type": "Feature",
      "geometry": {
        "type": "Point",
        "coordinates": [
          -79.465715,
          43.707564
        ]
      },
      "properties": {
        "station_id": "7835",
        "name": "Caledonia Rd / Lotherton Pathway",
        "capacity": 19,
        "bikes_available": 1,
        "docks_available": 18,
        "fullness": 0.0526
      }
    },
    {
      "type": "Feature",
      "geometry": {
        "type": "Point",
        "coordinates": [
          -79.452979,
          43.68402
        ]
      },
      "properties": {
        "station_id": "7836",
        "name": "Harvie Ave / Rogers Rd",
        "capacity": 19,
        "bikes_available": 6,
        "docks_available": 13,
        "fullness": 0.3158
      }
    },
    {
      "type": "Feature",
      "geometry": {
        "type": "Point",
        "coordinates": [
          -79.185218,
          43.766664
        ]
      },
      "properties": {
        "station_id": "7837",
        "name": "Ling Rd / Morningside Ave",
        "capacity": 19,
        "bikes_available": 2,
        "docks_available": 17,
        "fullness": 0.1053
      }
    },
    {
      "type": "Feature",
      "geometry": {
        "type": "Point",
        "coordinates": [
          -79.483202,
          43.620526
        ]
      },
      "properties": {
        "station_id": "7838",
        "name": "Lake Shore Blvd W / Legion Rd",
        "capacity": 19,
        "bikes_available": 11,
        "docks_available": 7,
        "fullness": 0.5789
      }
    },
    {
      "type": "Feature",
      "geometry": {
        "type": "Point",
        "coordinates": [
          -79.515611,
          43.598419
        ]
      },
      "properties": {
        "station_id": "7839",
        "name": "Lake Shore Blvd W / Seventeenth St",
        "capacity": 11,
        "bikes_available": 3,
        "docks_available": 7,
        "fullness": 0.2727
      }
    },
    {
      "type": "Feature",
      "geometry": {
        "type": "Point",
        "coordinates": [
          -79.527682,
          43.645389
        ]
      },
      "properties": {
        "station_id": "7840",
        "name": "Mabelle Park",
        "capacity": 15,
        "bikes_available": 3,
        "docks_available": 11,
        "fullness": 0.2
      }
    },
    {
      "type": "Feature",
      "geometry": {
        "type": "Point",
        "coordinates": [
          -79.523399,
          43.645659
        ]
      },
      "properties": {
        "station_id": "7841",
        "name": "Islington Subway Station (Aberfoyle Cres)",
        "capacity": 15,
        "bikes_available": 0,
        "docks_available": 15,
        "fullness": 0
      }
    },
    {
      "type": "Feature",
      "geometry": {
        "type": "Point",
        "coordinates": [
          -79.533874,
          43.594458
        ]
      },
      "properties": {
        "station_id": "7842",
        "name": "Lake Shore Blvd W / Long Branch Ave",
        "capacity": 11,
        "bikes_available": 3,
        "docks_available": 8,
        "fullness": 0.2727
      }
    },
    {
      "type": "Feature",
      "geometry": {
        "type": "Point",
        "coordinates": [
          -79.503582,
          43.626493
        ]
      },
      "properties": {
        "station_id": "7843",
        "name": "Uno Dr / The Queensway",
        "capacity": 15,
        "bikes_available": 4,
        "docks_available": 10,
        "fullness": 0.2667
      }
    },
    {
      "type": "Feature",
      "geometry": {
        "type": "Point",
        "coordinates": [
          -79.499419,
          43.601915
        ]
      },
      "properties": {
        "station_id": "7844",
        "name": "Second St / Lake Shore Blvd W",
        "capacity": 15,
        "bikes_available": 5,
        "docks_available": 10,
        "fullness": 0.3333
      }
    },
    {
      "type": "Feature",
      "geometry": {
        "type": "Point",
        "coordinates": [
          -79.50416,
          43.601162
        ]
      },
      "properties": {
        "station_id": "7845",
        "name": "Sixth St / Lake Shore Blvd W",
        "capacity": 15,
        "bikes_available": 12,
        "docks_available": 3,
        "fullness": 0.8
      }
    },
    {
      "type": "Feature",
      "geometry": {
        "type": "Point",
        "coordinates": [
          -79.531995,
          43.642852
        ]
      },
      "properties": {
        "station_id": "7846",
        "name": "Bloor St W / Dundas St W (2)",
        "capacity": 15,
        "bikes_available": 4,
        "docks_available": 9,
        "fullness": 0.2667
      }
    },
    {
      "type": "Feature",
      "geometry": {
        "type": "Point",
        "coordinates": [
          -79.362531,
          43.662736
        ]
      },
      "properties": {
        "station_id": "7848",
        "name": "Gerrard St E / Nasmith Ave ",
        "capacity": 23,
        "bikes_available": 12,
        "docks_available": 10,
        "fullness": 0.5217
      }
    },
    {
      "type": "Feature",
      "geometry": {
        "type": "Point",
        "coordinates": [
          -79.437231,
          43.707356
        ]
      },
      "properties": {
        "station_id": "7849",
        "name": "Viewmount Park",
        "capacity": 15,
        "bikes_available": 1,
        "docks_available": 14,
        "fullness": 0.0667
      }
    },
    {
      "type": "Feature",
      "geometry": {
        "type": "Point",
        "coordinates": [
          -79.399605,
          43.646015
        ]
      },
      "properties": {
        "station_id": "7850",
        "name": "Maud St / Adelaide St W - SMART",
        "capacity": 16,
        "bikes_available": 3,
        "docks_available": 11,
        "fullness": 0.1875
      }
    },
    {
      "type": "Feature",
      "geometry": {
        "type": "Point",
        "coordinates": [
          -79.475659,
          43.698707
        ]
      },
      "properties": {
        "station_id": "7851",
        "name": "Keele St / Ingram Dr",
        "capacity": 15,
        "bikes_available": 0,
        "docks_available": 14,
        "fullness": 0
      }
    },
    {
      "type": "Feature",
      "geometry": {
        "type": "Point",
        "coordinates": [
          -79.482198,
          43.688153
        ]
      },
      "properties": {
        "station_id": "7852",
        "name": "York Recreation Centre",
        "capacity": 23,
        "bikes_available": 2,
        "docks_available": 21,
        "fullness": 0.087
      }
    },
    {
      "type": "Feature",
      "geometry": {
        "type": "Point",
        "coordinates": [
          -79.488094,
          43.695498
        ]
      },
      "properties": {
        "station_id": "7853",
        "name": "Trethewey Dr / Black Creek Dr",
        "capacity": 15,
        "bikes_available": 13,
        "docks_available": 1,
        "fullness": 0.8667
      }
    },
    {
      "type": "Feature",
      "geometry": {
        "type": "Point",
        "coordinates": [
          -79.494844,
          43.674346
        ]
      },
      "properties": {
        "station_id": "7854",
        "name": "Jane St / Haney Ave",
        "capacity": 19,
        "bikes_available": 8,
        "docks_available": 9,
        "fullness": 0.4211
      }
    },
    {
      "type": "Feature",
      "geometry": {
        "type": "Point",
        "coordinates": [
          -79.500765,
          43.668511
        ]
      },
      "properties": {
        "station_id": "7855",
        "name": "Scarlett Rd / Eileen Ave",
        "capacity": 15,
        "bikes_available": 3,
        "docks_available": 12,
        "fullness": 0.2
      }
    },
    {
      "type": "Feature",
      "geometry": {
        "type": "Point",
        "coordinates": [
          -79.506673,
          43.678276
        ]
      },
      "properties": {
        "station_id": "7856",
        "name": "Scarlett Rd / Old Scarlett Rd ",
        "capacity": 15,
        "bikes_available": 5,
        "docks_available": 10,
        "fullness": 0.3333
      }
    },
    {
      "type": "Feature",
      "geometry": {
        "type": "Point",
        "coordinates": [
          -79.469086,
          43.691439
        ]
      },
      "properties": {
        "station_id": "7857",
        "name": "Eglinton Ave W / Venn Cres",
        "capacity": 19,
        "bikes_available": 5,
        "docks_available": 14,
        "fullness": 0.2632
      }
    },
    {
      "type": "Feature",
      "geometry": {
        "type": "Point",
        "coordinates": [
          -79.473638,
          43.681895
        ]
      },
      "properties": {
        "station_id": "7858",
        "name": "Rogers Rd / Bicknell Ave",
        "capacity": 23,
        "bikes_available": 1,
        "docks_available": 22,
        "fullness": 0.0435
      }
    },
    {
      "type": "Feature",
      "geometry": {
        "type": "Point",
        "coordinates": [
          -79.532628,
          43.706191
        ]
      },
      "properties": {
        "station_id": "7859",
        "name": "Mallaby Park ",
        "capacity": 15,
        "bikes_available": 1,
        "docks_available": 14,
        "fullness": 0.0667
      }
    },
    {
      "type": "Feature",
      "geometry": {
        "type": "Point",
        "coordinates": [
          -79.525948,
          43.702386
        ]
      },
      "properties": {
        "station_id": "7860",
        "name": "Cruickshank Park",
        "capacity": 15,
        "bikes_available": 1,
        "docks_available": 13,
        "fullness": 0.0667
      }
    },
    {
      "type": "Feature",
      "geometry": {
        "type": "Point",
        "coordinates": [
          -79.506233,
          43.687355
        ]
      },
      "properties": {
        "station_id": "7861",
        "name": "Emmett Ave",
        "capacity": 19,
        "bikes_available": 0,
        "docks_available": 19,
        "fullness": 0
      }
    },
    {
      "type": "Feature",
      "geometry": {
        "type": "Point",
        "coordinates": [
          -79.501546,
          43.691445
        ]
      },
      "properties": {
        "station_id": "7862",
        "name": "Jane St / Weston Rd",
        "capacity": 15,
        "bikes_available": 2,
        "docks_available": 12,
        "fullness": 0.1333
      }
    },
    {
      "type": "Feature",
      "geometry": {
        "type": "Point",
        "coordinates": [
          -79.504775,
          43.706738
        ]
      },
      "properties": {
        "station_id": "7863",
        "name": "Jane St / Queens Dr",
        "capacity": 15,
        "bikes_available": 1,
        "docks_available": 13,
        "fullness": 0.0667
      }
    },
    {
      "type": "Feature",
      "geometry": {
        "type": "Point",
        "coordinates": [
          -79.399383,
          43.665304
        ]
      },
      "properties": {
        "station_id": "7864",
        "name": "Sussex Ave / St George St",
        "capacity": 15,
        "bikes_available": 3,
        "docks_available": 11,
        "fullness": 0.2
      }
    },
    {
      "type": "Feature",
      "geometry": {
        "type": "Point",
        "coordinates": [
          -79.478201,
          43.690746
        ]
      },
      "properties": {
        "station_id": "7865",
        "name": "2700 Eglinton Ave W",
        "capacity": 43,
        "bikes_available": 32,
        "docks_available": 2,
        "fullness": 0.7442
      }
    },
    {
      "type": "Feature",
      "geometry": {
        "type": "Point",
        "coordinates": [
          -79.442774,
          43.659222
        ]
      },
      "properties": {
        "station_id": "7866",
        "name": "697 Lansdowne Ave ",
        "capacity": 23,
        "bikes_available": 18,
        "docks_available": 3,
        "fullness": 0.7826
      }
    },
    {
      "type": "Feature",
      "geometry": {
        "type": "Point",
        "coordinates": [
          -79.389948,
          43.679948
        ]
      },
      "properties": {
        "station_id": "7867",
        "name": "15 Price St ",
        "capacity": 15,
        "bikes_available": 7,
        "docks_available": 3,
        "fullness": 0.4667
      }
    },
    {
      "type": "Feature",
      "geometry": {
        "type": "Point",
        "coordinates": [
          -79.47446,
          43.755584
        ]
      },
      "properties": {
        "station_id": "7868",
        "name": "Sheppard Ave W / Chesswood Dr",
        "capacity": 19,
        "bikes_available": 0,
        "docks_available": 17,
        "fullness": 0
      }
    },
    {
      "type": "Feature",
      "geometry": {
        "type": "Point",
        "coordinates": [
          -79.491817,
          43.743866
        ]
      },
      "properties": {
        "station_id": "7869",
        "name": "Sentinel Rd / Sheppard Ave W",
        "capacity": 15,
        "bikes_available": 0,
        "docks_available": 15,
        "fullness": 0
      }
    },
    {
      "type": "Feature",
      "geometry": {
        "type": "Point",
        "coordinates": [
          -79.487197,
          43.725379
        ]
      },
      "properties": {
        "station_id": "7870",
        "name": "Humber River Hospital ",
        "capacity": 15,
        "bikes_available": 0,
        "docks_available": 15,
        "fullness": 0
      }
    },
    {
      "type": "Feature",
      "geometry": {
        "type": "Point",
        "coordinates": [
          -79.503474,
          43.70234
        ]
      },
      "properties": {
        "station_id": "7871",
        "name": "Jane St / Lawrence Ave W",
        "capacity": 14,
        "bikes_available": 2,
        "docks_available": 12,
        "fullness": 0.1429
      }
    },
    {
      "type": "Feature",
      "geometry": {
        "type": "Point",
        "coordinates": [
          -79.49001,
          43.759193
        ]
      },
      "properties": {
        "station_id": "7872",
        "name": "Keele St / Catford Rd",
        "capacity": 15,
        "bikes_available": 0,
        "docks_available": 15,
        "fullness": 0
      }
    },
    {
      "type": "Feature",
      "geometry": {
        "type": "Point",
        "coordinates": [
          -79.49813,
          43.770867
        ]
      },
      "properties": {
        "station_id": "7874",
        "name": "The Pond Rd / Ian Macdonald Blvd",
        "capacity": 15,
        "bikes_available": 0,
        "docks_available": 13,
        "fullness": 0
      }
    },
    {
      "type": "Feature",
      "geometry": {
        "type": "Point",
        "coordinates": [
          -79.513257,
          43.747515
        ]
      },
      "properties": {
        "station_id": "7875",
        "name": "Oakdale Community Centre",
        "capacity": 15,
        "bikes_available": 0,
        "docks_available": 15,
        "fullness": 0
      }
    },
    {
      "type": "Feature",
      "geometry": {
        "type": "Point",
        "coordinates": [
          -79.515776,
          43.750302
        ]
      },
      "properties": {
        "station_id": "7877",
        "name": "Jane St / Yorkwoods Gt",
        "capacity": 15,
        "bikes_available": 0,
        "docks_available": 14,
        "fullness": 0
      }
    },
    {
      "type": "Feature",
      "geometry": {
        "type": "Point",
        "coordinates": [
          -79.538199,
          43.732628
        ]
      },
      "properties": {
        "station_id": "7878",
        "name": "Weston Rd / Sheppard Ave W",
        "capacity": 15,
        "bikes_available": 0,
        "docks_available": 15,
        "fullness": 0
      }
    },
    {
      "type": "Feature",
      "geometry": {
        "type": "Point",
        "coordinates": [
          -79.550404,
          43.748454
        ]
      },
      "properties": {
        "station_id": "7880",
        "name": "Lindylou Rd / Lanyard Rd",
        "capacity": 15,
        "bikes_available": 1,
        "docks_available": 14,
        "fullness": 0.0667
      }
    },
    {
      "type": "Feature",
      "geometry": {
        "type": "Point",
        "coordinates": [
          -79.327142,
          43.727498
        ]
      },
      "properties": {
        "station_id": "7883",
        "name": "Wynford Heights Cres / Concorde Pl",
        "capacity": 11,
        "bikes_available": 3,
        "docks_available": 6,
        "fullness": 0.2727
      }
    },
    {
      "type": "Feature",
      "geometry": {
        "type": "Point",
        "coordinates": [
          -79.308648,
          43.722112
        ]
      },
      "properties": {
        "station_id": "7884",
        "name": "Bartley Park ",
        "capacity": 15,
        "bikes_available": 2,
        "docks_available": 12,
        "fullness": 0.1333
      }
    },
    {
      "type": "Feature",
      "geometry": {
        "type": "Point",
        "coordinates": [
          -79.235914,
          43.721761
        ]
      },
      "properties": {
        "station_id": "7885",
        "name": "Brooklawn Ave / Kingston Rd",
        "capacity": 11,
        "bikes_available": 10,
        "docks_available": 0,
        "fullness": 0.9091
      }
    },
    {
      "type": "Feature",
      "geometry": {
        "type": "Point",
        "coordinates": [
          -79.408842,
          43.636829
        ]
      },
      "properties": {
        "station_id": "7887",
        "name": "800 Fleet St (North)",
        "capacity": 43,
        "bikes_available": 34,
        "docks_available": 0,
        "fullness": 0.7907
      }
    },
    {
      "type": "Feature",
      "geometry": {
        "type": "Point",
        "coordinates": [
          -79.519598,
          43.662796
        ]
      },
      "properties": {
        "station_id": "7888",
        "name": "The Kingsway / Ashley Rd",
        "capacity": 15,
        "bikes_available": 2,
        "docks_available": 12,
        "fullness": 0.1333
      }
    },
    {
      "type": "Feature",
      "geometry": {
        "type": "Point",
        "coordinates": [
          -79.511544,
          43.660324
        ]
      },
      "properties": {
        "station_id": "7889",
        "name": "Dundas St W / Prince Edward Dr N",
        "capacity": 19,
        "bikes_available": 7,
        "docks_available": 11,
        "fullness": 0.3684
      }
    },
    {
      "type": "Feature",
      "geometry": {
        "type": "Point",
        "coordinates": [
          -79.395787,
          43.710244
        ]
      },
      "properties": {
        "station_id": "7890",
        "name": "60 Broadway Ave",
        "capacity": 23,
        "bikes_available": 4,
        "docks_available": 17,
        "fullness": 0.1739
      }
    },
    {
      "type": "Feature",
      "geometry": {
        "type": "Point",
        "coordinates": [
          -79.349894,
          43.720932
        ]
      },
      "properties": {
        "station_id": "7891",
        "name": "Opposite 1103 Leslie St",
        "capacity": 19,
        "bikes_available": 0,
        "docks_available": 19,
        "fullness": 0
      }
    },
    {
      "type": "Feature",
      "geometry": {
        "type": "Point",
        "coordinates": [
          -79.34272,
          43.707556
        ]
      },
      "properties": {
        "station_id": "7893",
        "name": "Overlea Blvd / Thorncliffe Park Dr",
        "capacity": 19,
        "bikes_available": 0,
        "docks_available": 19,
        "fullness": 0
      }
    },
    {
      "type": "Feature",
      "geometry": {
        "type": "Point",
        "coordinates": [
          -79.361759,
          43.702417
        ]
      },
      "properties": {
        "station_id": "7894",
        "name": "Millwood Rd / Southvale Dr",
        "capacity": 15,
        "bikes_available": 0,
        "docks_available": 14,
        "fullness": 0
      }
    },
    {
      "type": "Feature",
      "geometry": {
        "type": "Point",
        "coordinates": [
          -79.467016,
          43.671155
        ]
      },
      "properties": {
        "station_id": "7895",
        "name": "Keele St / Lloyd Ave",
        "capacity": 15,
        "bikes_available": 3,
        "docks_available": 12,
        "fullness": 0.2
      }
    },
    {
      "type": "Feature",
      "geometry": {
        "type": "Point",
        "coordinates": [
          -79.432817,
          43.69105
        ]
      },
      "properties": {
        "station_id": "7896",
        "name": "Arlington Parkette",
        "capacity": 15,
        "bikes_available": 3,
        "docks_available": 12,
        "fullness": 0.2
      }
    },
    {
      "type": "Feature",
      "geometry": {
        "type": "Point",
        "coordinates": [
          -79.345324,
          43.707225
        ]
      },
      "properties": {
        "station_id": "7897",
        "name": "50 Overlea Blvd",
        "capacity": 15,
        "bikes_available": 1,
        "docks_available": 14,
        "fullness": 0.0667
      }
    },
    {
      "type": "Feature",
      "geometry": {
        "type": "Point",
        "coordinates": [
          -79.389214,
          43.657482
        ]
      },
      "properties": {
        "station_id": "7898",
        "name": "University Ave / Gerrard St W - SMART(South)",
        "capacity": 16,
        "bikes_available": 11,
        "docks_available": 5,
        "fullness": 0.6875
      }
    },
    {
      "type": "Feature",
      "geometry": {
        "type": "Point",
        "coordinates": [
          -79.390833,
          43.660181
        ]
      },
      "properties": {
        "station_id": "7899",
        "name": "Queens Park Cres / College St ",
        "capacity": 23,
        "bikes_available": 21,
        "docks_available": 1,
        "fullness": 0.913
      }
    },
    {
      "type": "Feature",
      "geometry": {
        "type": "Point",
        "coordinates": [
          -79.389704,
          43.656039
        ]
      },
      "properties": {
        "station_id": "7900",
        "name": "Simcoe St / Elm St",
        "capacity": 11,
        "bikes_available": 3,
        "docks_available": 7,
        "fullness": 0.2727
      }
    },
    {
      "type": "Feature",
      "geometry": {
        "type": "Point",
        "coordinates": [
          -79.50313,
          43.649279
        ]
      },
      "properties": {
        "station_id": "7901",
        "name": "Bloor St W / Kingsmill Rd",
        "capacity": 11,
        "bikes_available": 5,
        "docks_available": 6,
        "fullness": 0.4545
      }
    },
    {
      "type": "Feature",
      "geometry": {
        "type": "Point",
        "coordinates": [
          -79.471997,
          43.675532
        ]
      },
      "properties": {
        "station_id": "7902",
        "name": "Gunns Rd / Lavender Creek Trail",
        "capacity": 15,
        "bikes_available": 0,
        "docks_available": 15,
        "fullness": 0
      }
    },
    {
      "type": "Feature",
      "geometry": {
        "type": "Point",
        "coordinates": [
          -79.478942,
          43.670042
        ]
      },
      "properties": {
        "station_id": "7903",
        "name": "St. Clair Ave W / Symes Rd",
        "capacity": 15,
        "bikes_available": 1,
        "docks_available": 14,
        "fullness": 0.0667
      }
    },
    {
      "type": "Feature",
      "geometry": {
        "type": "Point",
        "coordinates": [
          -79.413128,
          43.663351
        ]
      },
      "properties": {
        "station_id": "7904",
        "name": "Palmerston Blvd / Lennox St",
        "capacity": 11,
        "bikes_available": 3,
        "docks_available": 6,
        "fullness": 0.2727
      }
    },
    {
      "type": "Feature",
      "geometry": {
        "type": "Point",
        "coordinates": [
          -79.366485,
          43.650298
        ]
      },
      "properties": {
        "station_id": "7906",
        "name": "Princess St / Front St E",
        "capacity": 14,
        "bikes_available": 12,
        "docks_available": 1,
        "fullness": 0.8571
      }
    },
    {
      "type": "Feature",
      "geometry": {
        "type": "Point",
        "coordinates": [
          -79.40947,
          43.664948
        ]
      },
      "properties": {
        "station_id": "7907",
        "name": "365 Lippincott St",
        "capacity": 41,
        "bikes_available": 31,
        "docks_available": 7,
        "fullness": 0.7561
      }
    },
    {
      "type": "Feature",
      "geometry": {
        "type": "Point",
        "coordinates": [
          -79.335473,
          43.705035
        ]
      },
      "properties": {
        "station_id": "7909",
        "name": "E.T Seton Park - South ",
        "capacity": 23,
        "bikes_available": 4,
        "docks_available": 19,
        "fullness": 0.1739
      }
    },
    {
      "type": "Feature",
      "geometry": {
        "type": "Point",
        "coordinates": [
          -79.36089,
          43.714306
        ]
      },
      "properties": {
        "station_id": "7910",
        "name": "Eglinton Ave E / Brentcliffe Rd",
        "capacity": 15,
        "bikes_available": 1,
        "docks_available": 13,
        "fullness": 0.0667
      }
    },
    {
      "type": "Feature",
      "geometry": {
        "type": "Point",
        "coordinates": [
          -79.38317,
          43.647969
        ]
      },
      "properties": {
        "station_id": "7911",
        "name": "King St W / York St (2)",
        "capacity": 19,
        "bikes_available": 4,
        "docks_available": 15,
        "fullness": 0.2105
      }
    },
    {
      "type": "Feature",
      "geometry": {
        "type": "Point",
        "coordinates": [
          -79.423742,
          43.640397
        ]
      },
      "properties": {
        "station_id": "7912",
        "name": "Joe Shuster Way / King St W ",
        "capacity": 19,
        "bikes_available": 7,
        "docks_available": 12,
        "fullness": 0.3684
      }
    },
    {
      "type": "Feature",
      "geometry": {
        "type": "Point",
        "coordinates": [
          -79.397838,
          43.662453
        ]
      },
      "properties": {
        "station_id": "7913",
        "name": "St. George St / Willcocks St",
        "capacity": 35,
        "bikes_available": 19,
        "docks_available": 15,
        "fullness": 0.5429
      }
    },
    {
      "type": "Feature",
      "geometry": {
        "type": "Point",
        "coordinates": [
          -79.383141,
          43.647043
        ]
      },
      "properties": {
        "station_id": "7914",
        "name": "York St / Wellington St W (2)",
        "capacity": 27,
        "bikes_available": 15,
        "docks_available": 11,
        "fullness": 0.5556
      }
    },
    {
      "type": "Feature",
      "geometry": {
        "type": "Point",
        "coordinates": [
          -79.468059,
          43.682337
        ]
      },
      "properties": {
        "station_id": "7915",
        "name": "Rogers Rd / Watt Ave",
        "capacity": 15,
        "bikes_available": 4,
        "docks_available": 11,
        "fullness": 0.2667
      }
    },
    {
      "type": "Feature",
      "geometry": {
        "type": "Point",
        "coordinates": [
          -79.385351,
          43.648368
        ]
      },
      "properties": {
        "station_id": "7916",
        "name": "University Ave / Pearl St ",
        "capacity": 19,
        "bikes_available": 3,
        "docks_available": 16,
        "fullness": 0.1579
      }
    },
    {
      "type": "Feature",
      "geometry": {
        "type": "Point",
        "coordinates": [
          -79.38428,
          43.647818
        ]
      },
      "properties": {
        "station_id": "7917",
        "name": "King St W / University Ave",
        "capacity": 39,
        "bikes_available": 1,
        "docks_available": 37,
        "fullness": 0.0256
      }
    },
    {
      "type": "Feature",
      "geometry": {
        "type": "Point",
        "coordinates": [
          -79.552549,
          43.727622
        ]
      },
      "properties": {
        "station_id": "7918",
        "name": "Albion Rd / Arcot Blvd",
        "capacity": 15,
        "bikes_available": 0,
        "docks_available": 15,
        "fullness": 0
      }
    },
    {
      "type": "Feature",
      "geometry": {
        "type": "Point",
        "coordinates": [
          -79.545583,
          43.721533
        ]
      },
      "properties": {
        "station_id": "7919",
        "name": "Armel Ct / Albion Rd",
        "capacity": 19,
        "bikes_available": 1,
        "docks_available": 18,
        "fullness": 0.0526
      }
    },
    {
      "type": "Feature",
      "geometry": {
        "type": "Point",
        "coordinates": [
          -79.546998,
          43.729578
        ]
      },
      "properties": {
        "station_id": "7920",
        "name": "75 Tandridge Cres",
        "capacity": 15,
        "bikes_available": 0,
        "docks_available": 15,
        "fullness": 0
      }
    },
    {
      "type": "Feature",
      "geometry": {
        "type": "Point",
        "coordinates": [
          -79.35741,
          43.67729
        ]
      },
      "properties": {
        "station_id": "7922",
        "name": "35 Erindale Ave",
        "capacity": 23,
        "bikes_available": 18,
        "docks_available": 1,
        "fullness": 0.7826
      }
    },
    {
      "type": "Feature",
      "geometry": {
        "type": "Point",
        "coordinates": [
          -79.500798,
          43.697417
        ]
      },
      "properties": {
        "station_id": "7923",
        "name": "Trethewey Dr / Jane St",
        "capacity": 19,
        "bikes_available": 5,
        "docks_available": 12,
        "fullness": 0.2632
      }
    },
    {
      "type": "Feature",
      "geometry": {
        "type": "Point",
        "coordinates": [
          -79.388581,
          43.648131
        ]
      },
      "properties": {
        "station_id": "7924",
        "name": "Duncan St / Adelaide St W - SMART",
        "capacity": 12,
        "bikes_available": 6,
        "docks_available": 5,
        "fullness": 0.5
      }
    },
    {
      "type": "Feature",
      "geometry": {
        "type": "Point",
        "coordinates": [
          -79.407514,
          43.642813
        ]
      },
      "properties": {
        "station_id": "7925",
        "name": "Niagara St / King St W - SMART",
        "capacity": 24,
        "bikes_available": 7,
        "docks_available": 17,
        "fullness": 0.2917
      }
    },
    {
      "type": "Feature",
      "geometry": {
        "type": "Point",
        "coordinates": [
          -79.363892,
          43.709793
        ]
      },
      "properties": {
        "station_id": "7926",
        "name": "McRae Dr / Laird Dr - SMART",
        "capacity": 24,
        "bikes_available": 2,
        "docks_available": 22,
        "fullness": 0.0833
      }
    },
    {
      "type": "Feature",
      "geometry": {
        "type": "Point",
        "coordinates": [
          -79.41081,
          43.639065
        ]
      },
      "properties": {
        "station_id": "7927",
        "name": "Strachan Ave / East Liberty St - SMART",
        "capacity": 24,
        "bikes_available": 20,
        "docks_available": 4,
        "fullness": 0.8333
      }
    },
    {
      "type": "Feature",
      "geometry": {
        "type": "Point",
        "coordinates": [
          -79.387649,
          43.651053
        ]
      },
      "properties": {
        "station_id": "7928",
        "name": "Simcoe St / Pullan Pl",
        "capacity": 79,
        "bikes_available": 7,
        "docks_available": 72,
        "fullness": 0.0886
      }
    },
    {
      "type": "Feature",
      "geometry": {
        "type": "Point",
        "coordinates": [
          -79.396757,
          43.649354
        ]
      },
      "properties": {
        "station_id": "7929",
        "name": "Spadina Ave / Bulwer St- SMART ",
        "capacity": 12,
        "bikes_available": 11,
        "docks_available": 0,
        "fullness": 0.9167
      }
    },
    {
      "type": "Feature",
      "geometry": {
        "type": "Point",
        "coordinates": [
          -79.43396,
          43.639523
        ]
      },
      "properties": {
        "station_id": "7930",
        "name": "Dunn Ave / Queen St W",
        "capacity": 15,
        "bikes_available": 14,
        "docks_available": 1,
        "fullness": 0.9333
      }
    },
    {
      "type": "Feature",
      "geometry": {
        "type": "Point",
        "coordinates": [
          -79.477984,
          43.673392
        ]
      },
      "properties": {
        "station_id": "7931",
        "name": "Symes Rd / Glen Scarlett Rd - SMART",
        "capacity": 16,
        "bikes_available": 0,
        "docks_available": 16,
        "fullness": 0
      }
    },
    {
      "type": "Feature",
      "geometry": {
        "type": "Point",
        "coordinates": [
          -79.338946,
          43.661602
        ]
      },
      "properties": {
        "station_id": "7932",
        "name": "Boston Ave / Queen St E- SMART",
        "capacity": 12,
        "bikes_available": 11,
        "docks_available": 1,
        "fullness": 0.9167
      }
    },
    {
      "type": "Feature",
      "geometry": {
        "type": "Point",
        "coordinates": [
          -79.385937,
          43.657091
        ]
      },
      "properties": {
        "station_id": "7933",
        "name": "Elizabeth St / Elm St",
        "capacity": 23,
        "bikes_available": 5,
        "docks_available": 17,
        "fullness": 0.2174
      }
    },
    {
      "type": "Feature",
      "geometry": {
        "type": "Point",
        "coordinates": [
          -79.409604,
          43.759211
        ]
      },
      "properties": {
        "station_id": "7934",
        "name": "19 Glendora Ave",
        "capacity": 11,
        "bikes_available": 5,
        "docks_available": 3,
        "fullness": 0.4545
      }
    },
    {
      "type": "Feature",
      "geometry": {
        "type": "Point",
        "coordinates": [
          -79.389625,
          43.676185
        ]
      },
      "properties": {
        "station_id": "7935",
        "name": "Ramsden Park",
        "capacity": 15,
        "bikes_available": 0,
        "docks_available": 15,
        "fullness": 0
      }
    },
    {
      "type": "Feature",
      "geometry": {
        "type": "Point",
        "coordinates": [
          -79.379531,
          43.650116
        ]
      },
      "properties": {
        "station_id": "7936",
        "name": "Adelaide St W / Bay St (South)",
        "capacity": 15,
        "bikes_available": 7,
        "docks_available": 8,
        "fullness": 0.4667
      }
    },
    {
      "type": "Feature",
      "geometry": {
        "type": "Point",
        "coordinates": [
          -79.378728,
          43.65038
        ]
      },
      "properties": {
        "station_id": "7937",
        "name": "Adelaide St W / Yonge St",
        "capacity": 19,
        "bikes_available": 16,
        "docks_available": 2,
        "fullness": 0.8421
      }
    },
    {
      "type": "Feature",
      "geometry": {
        "type": "Point",
        "coordinates": [
          -79.39937,
          43.642902
        ]
      },
      "properties": {
        "station_id": "7938",
        "name": "Portland St / Wellington St W",
        "capacity": 15,
        "bikes_available": 10,
        "docks_available": 5,
        "fullness": 0.6667
      }
    },
    {
      "type": "Feature",
      "geometry": {
        "type": "Point",
        "coordinates": [
          -79.408973,
          43.634673
        ]
      },
      "properties": {
        "station_id": "7939",
        "name": "Princes' Gates",
        "capacity": 17,
        "bikes_available": 4,
        "docks_available": 11,
        "fullness": 0.2353
      }
    },
    {
      "type": "Feature",
      "geometry": {
        "type": "Point",
        "coordinates": [
          -79.393562,
          43.706073
        ]
      },
      "properties": {
        "station_id": "7940",
        "name": "Lillian St / Soudan Ave - SMART",
        "capacity": 32,
        "bikes_available": 10,
        "docks_available": 22,
        "fullness": 0.3125
      }
    },
    {
      "type": "Feature",
      "geometry": {
        "type": "Point",
        "coordinates": [
          -79.420022,
          43.639547
        ]
      },
      "properties": {
        "station_id": "7941",
        "name": "Hanna Ave / Snooker St",
        "capacity": 15,
        "bikes_available": 8,
        "docks_available": 6,
        "fullness": 0.5333
      }
    },
    {
      "type": "Feature",
      "geometry": {
        "type": "Point",
        "coordinates": [
          -79.389027,
          43.705121
        ]
      },
      "properties": {
        "station_id": "7942",
        "name": "Hillsdale Ave E / Mount Pleasant Rd",
        "capacity": 15,
        "bikes_available": 9,
        "docks_available": 5,
        "fullness": 0.6
      }
    },
    {
      "type": "Feature",
      "geometry": {
        "type": "Point",
        "coordinates": [
          -79.390912,
          43.652316
        ]
      },
      "properties": {
        "station_id": "7943",
        "name": "OCAD University",
        "capacity": 23,
        "bikes_available": 1,
        "docks_available": 22,
        "fullness": 0.0435
      }
    },
    {
      "type": "Feature",
      "geometry": {
        "type": "Point",
        "coordinates": [
          -79.417874,
          43.659954
        ]
      },
      "properties": {
        "station_id": "7944",
        "name": "Harbord St / Grace St (Bickford Park)",
        "capacity": 23,
        "bikes_available": 1,
        "docks_available": 21,
        "fullness": 0.0435
      }
    },
    {
      "type": "Feature",
      "geometry": {
        "type": "Point",
        "coordinates": [
          -79.395198,
          43.642355
        ]
      },
      "properties": {
        "station_id": "7945",
        "name": "Front St W / Spadina Ave",
        "capacity": 31,
        "bikes_available": 30,
        "docks_available": 1,
        "fullness": 0.9677
      }
    },
    {
      "type": "Feature",
      "geometry": {
        "type": "Point",
        "coordinates": [
          -79.402996,
          43.646667
        ]
      },
      "properties": {
        "station_id": "7946",
        "name": "Richmond St W / Bathurst St",
        "capacity": 15,
        "bikes_available": 6,
        "docks_available": 8,
        "fullness": 0.4
      }
    },
    {
      "type": "Feature",
      "geometry": {
        "type": "Point",
        "coordinates": [
          -79.409907,
          43.645729
        ]
      },
      "properties": {
        "station_id": "7947",
        "name": "Niagara St / Queen St W ",
        "capacity": 11,
        "bikes_available": 4,
        "docks_available": 5,
        "fullness": 0.3636
      }
    },
    {
      "type": "Feature",
      "geometry": {
        "type": "Point",
        "coordinates": [
          -79.400132,
          43.637819
        ]
      },
      "properties": {
        "station_id": "7948",
        "name": "Bathurst St / Housey St",
        "capacity": 23,
        "bikes_available": 18,
        "docks_available": 5,
        "fullness": 0.7826
      }
    },
    {
      "type": "Feature",
      "geometry": {
        "type": "Point",
        "coordinates": [
          -79.352401,
          43.659071
        ]
      },
      "properties": {
        "station_id": "7949",
        "name": "Thompson St / Carroll St",
        "capacity": 15,
        "bikes_available": 14,
        "docks_available": 1,
        "fullness": 0.9333
      }
    },
    {
      "type": "Feature",
      "geometry": {
        "type": "Point",
        "coordinates": [
          -79.415589,
          43.646549
        ]
      },
      "properties": {
        "station_id": "7950",
        "name": "Crawford St / Lobb Ave",
        "capacity": 23,
        "bikes_available": 19,
        "docks_available": 4,
        "fullness": 0.8261
      }
    },
    {
      "type": "Feature",
      "geometry": {
        "type": "Point",
        "coordinates": [
          -79.403142,
          43.637588
        ]
      },
      "properties": {
        "station_id": "7951",
        "name": "Fort York Blvd / Grand Magazine St",
        "capacity": 19,
        "bikes_available": 11,
        "docks_available": 8,
        "fullness": 0.5789
      }
    },
    {
      "type": "Feature",
      "geometry": {
        "type": "Point",
        "coordinates": [
          -79.383632,
          43.649192
        ]
      },
      "properties": {
        "station_id": "7952",
        "name": "Adelaide St W / York St ",
        "capacity": 19,
        "bikes_available": 16,
        "docks_available": 2,
        "fullness": 0.8421
      }
    },
    {
      "type": "Feature",
      "geometry": {
        "type": "Point",
        "coordinates": [
          -79.37651,
          43.655057
        ]
      },
      "properties": {
        "station_id": "7953",
        "name": "Church St / Shuter St",
        "capacity": 14,
        "bikes_available": 7,
        "docks_available": 6,
        "fullness": 0.5
      }
    },
    {
      "type": "Feature",
      "geometry": {
        "type": "Point",
        "coordinates": [
          -79.36336,
          43.653783
        ]
      },
      "properties": {
        "station_id": "7954",
        "name": "Adelaide St E / Parliament St",
        "capacity": 23,
        "bikes_available": 19,
        "docks_available": 3,
        "fullness": 0.8261
      }
    },
    {
      "type": "Feature",
      "geometry": {
        "type": "Point",
        "coordinates": [
          -79.379012,
          43.666205
        ]
      },
      "properties": {
        "station_id": "7955",
        "name": "Wellesley St E / Jarvis St",
        "capacity": 23,
        "bikes_available": 2,
        "docks_available": 21,
        "fullness": 0.087
      }
    },
    {
      "type": "Feature",
      "geometry": {
        "type": "Point",
        "coordinates": [
          -79.24474,
          43.761741
        ]
      },
      "properties": {
        "station_id": "7956",
        "name": "Benshire Dr / The Meadoway",
        "capacity": 11,
        "bikes_available": 0,
        "docks_available": 10,
        "fullness": 0
      }
    },
    {
      "type": "Feature",
      "geometry": {
        "type": "Point",
        "coordinates": [
          -79.255317,
          43.754049
        ]
      },
      "properties": {
        "station_id": "7957",
        "name": "Brimley Rd / Lawrence Ave E ",
        "capacity": 19,
        "bikes_available": 1,
        "docks_available": 17,
        "fullness": 0.0526
      }
    },
    {
      "type": "Feature",
      "geometry": {
        "type": "Point",
        "coordinates": [
          -79.292004,
          43.730036
        ]
      },
      "properties": {
        "station_id": "7958",
        "name": "Centennial College (Ashtonbee Campus)",
        "capacity": 19,
        "bikes_available": 0,
        "docks_available": 19,
        "fullness": 0
      }
    },
    {
      "type": "Feature",
      "geometry": {
        "type": "Point",
        "coordinates": [
          -79.238354,
          43.765073
        ]
      },
      "properties": {
        "station_id": "7959",
        "name": "Bellamy Rd N / The Meadoway",
        "capacity": 15,
        "bikes_available": 0,
        "docks_available": 15,
        "fullness": 0
      }
    },
    {
      "type": "Feature",
      "geometry": {
        "type": "Point",
        "coordinates": [
          -79.229565,
          43.771219
        ]
      },
      "properties": {
        "station_id": "7960",
        "name": "Markham Rd / The Meadoway ",
        "capacity": 19,
        "bikes_available": 0,
        "docks_available": 19,
        "fullness": 0
      }
    },
    {
      "type": "Feature",
      "geometry": {
        "type": "Point",
        "coordinates": [
          -79.2305,
          43.776829
        ]
      },
      "properties": {
        "station_id": "7961",
        "name": "Ellesmere Rd / Markham Rd",
        "capacity": 15,
        "bikes_available": 2,
        "docks_available": 13,
        "fullness": 0.1333
      }
    },
    {
      "type": "Feature",
      "geometry": {
        "type": "Point",
        "coordinates": [
          -79.219715,
          43.773273
        ]
      },
      "properties": {
        "station_id": "7962",
        "name": "Slan Ave / Scarborough Golf Club Rd",
        "capacity": 15,
        "bikes_available": 3,
        "docks_available": 11,
        "fullness": 0.2
      }
    },
    {
      "type": "Feature",
      "geometry": {
        "type": "Point",
        "coordinates": [
          -79.215646,
          43.744208
        ]
      },
      "properties": {
        "station_id": "7963",
        "name": "Cedar Dr / Eglinton Ave E",
        "capacity": 11,
        "bikes_available": 0,
        "docks_available": 11,
        "fullness": 0
      }
    },
    {
      "type": "Feature",
      "geometry": {
        "type": "Point",
        "coordinates": [
          -79.271819,
          43.741906
        ]
      },
      "properties": {
        "station_id": "7964",
        "name": "Kennedy Rd/Ranstone Gdns (Jack Goodlad Park)",
        "capacity": 15,
        "bikes_available": 0,
        "docks_available": 14,
        "fullness": 0
      }
    },
    {
      "type": "Feature",
      "geometry": {
        "type": "Point",
        "coordinates": [
          -79.247984,
          43.736953
        ]
      },
      "properties": {
        "station_id": "7965",
        "name": "Eglinton Ave E / Brimley Rd",
        "capacity": 19,
        "bikes_available": 1,
        "docks_available": 18,
        "fullness": 0.0526
      }
    },
    {
      "type": "Feature",
      "geometry": {
        "type": "Point",
        "coordinates": [
          -79.413395,
          43.673489
        ]
      },
      "properties": {
        "station_id": "7966",
        "name": "Albany Ave / Dupont St",
        "capacity": 15,
        "bikes_available": 0,
        "docks_available": 15,
        "fullness": 0
      }
    },
    {
      "type": "Feature",
      "geometry": {
        "type": "Point",
        "coordinates": [
          -79.252379,
          43.727291
        ]
      },
      "properties": {
        "station_id": "7967",
        "name": "Gordonridge Pl / Danforth Rd",
        "capacity": 15,
        "bikes_available": 9,
        "docks_available": 3,
        "fullness": 0.6
      }
    },
    {
      "type": "Feature",
      "geometry": {
        "type": "Point",
        "coordinates": [
          -79.239353,
          43.740339
        ]
      },
      "properties": {
        "station_id": "7968",
        "name": "McCowan Rd / Trudelle St",
        "capacity": 19,
        "bikes_available": 1,
        "docks_available": 18,
        "fullness": 0.0526
      }
    },
    {
      "type": "Feature",
      "geometry": {
        "type": "Point",
        "coordinates": [
          -79.393151,
          43.789069
        ]
      },
      "properties": {
        "station_id": "7969",
        "name": "Bayview Ave / Finch Recreational Trail",
        "capacity": 19,
        "bikes_available": 1,
        "docks_available": 17,
        "fullness": 0.0526
      }
    },
    {
      "type": "Feature",
      "geometry": {
        "type": "Point",
        "coordinates": [
          -79.407868,
          43.783873
        ]
      },
      "properties": {
        "station_id": "7970",
        "name": "Willowdale Ave / Bishop Ave ",
        "capacity": 19,
        "bikes_available": 0,
        "docks_available": 16,
        "fullness": 0
      }
    },
    {
      "type": "Feature",
      "geometry": {
        "type": "Point",
        "coordinates": [
          -79.423671,
          43.782253
        ]
      },
      "properties": {
        "station_id": "7971",
        "name": "Talbot Rd / Finch Hydro Corridor",
        "capacity": 15,
        "bikes_available": 3,
        "docks_available": 9,
        "fullness": 0.2
      }
    },
    {
      "type": "Feature",
      "geometry": {
        "type": "Point",
        "coordinates": [
          -79.224887,
          43.742037
        ]
      },
      "properties": {
        "station_id": "7972",
        "name": "Eglinton Ave E / Mason Rd ",
        "capacity": 11,
        "bikes_available": 0,
        "docks_available": 11,
        "fullness": 0
      }
    },
    {
      "type": "Feature",
      "geometry": {
        "type": "Point",
        "coordinates": [
          -79.354854,
          43.734582
        ]
      },
      "properties": {
        "station_id": "7973",
        "name": "Lawrence Ave E / Don Mills Trail",
        "capacity": 19,
        "bikes_available": 1,
        "docks_available": 18,
        "fullness": 0.0526
      }
    },
    {
      "type": "Feature",
      "geometry": {
        "type": "Point",
        "coordinates": [
          -79.415116,
          43.776857
        ]
      },
      "properties": {
        "station_id": "7974",
        "name": "Kempford Blvd / Yonge St",
        "capacity": 19,
        "bikes_available": 1,
        "docks_available": 17,
        "fullness": 0.0526
      }
    },
    {
      "type": "Feature",
      "geometry": {
        "type": "Point",
        "coordinates": [
          -79.412665,
          43.769395
        ]
      },
      "properties": {
        "station_id": "7975",
        "name": "Empress Ave / Yonge St",
        "capacity": 19,
        "bikes_available": 1,
        "docks_available": 18,
        "fullness": 0.0526
      }
    },
    {
      "type": "Feature",
      "geometry": {
        "type": "Point",
        "coordinates": [
          -79.410716,
          43.761286
        ]
      },
      "properties": {
        "station_id": "7976",
        "name": "Yonge St / Sheppard Ave E",
        "capacity": 19,
        "bikes_available": 0,
        "docks_available": 16,
        "fullness": 0
      }
    },
    {
      "type": "Feature",
      "geometry": {
        "type": "Point",
        "coordinates": [
          -79.367027,
          43.770379
        ]
      },
      "properties": {
        "station_id": "7977",
        "name": "Leslie Subway Station",
        "capacity": 15,
        "bikes_available": 0,
        "docks_available": 14,
        "fullness": 0
      }
    },
    {
      "type": "Feature",
      "geometry": {
        "type": "Point",
        "coordinates": [
          -79.412635,
          43.767266
        ]
      },
      "properties": {
        "station_id": "7978",
        "name": "Yonge St / North York Blvd",
        "capacity": 23,
        "bikes_available": 0,
        "docks_available": 23,
        "fullness": 0
      }
    },
    {
      "type": "Feature",
      "geometry": {
        "type": "Point",
        "coordinates": [
          -79.353481,
          43.744758
        ]
      },
      "properties": {
        "station_id": "7979",
        "name": "Bond Ave / Don Mills Trail",
        "capacity": 19,
        "bikes_available": 2,
        "docks_available": 15,
        "fullness": 0.1053
      }
    },
    {
      "type": "Feature",
      "geometry": {
        "type": "Point",
        "coordinates": [
          -79.352583,
          43.761671
        ]
      },
      "properties": {
        "station_id": "7981",
        "name": "Duncan Mill Rd / Valleybrook Dr",
        "capacity": 15,
        "bikes_available": 0,
        "docks_available": 15,
        "fullness": 0
      }
    },
    {
      "type": "Feature",
      "geometry": {
        "type": "Point",
        "coordinates": [
          -79.459976,
          43.770602
        ]
      },
      "properties": {
        "station_id": "7982",
        "name": "Finch Ave W / Wilmington Ave",
        "capacity": 19,
        "bikes_available": 1,
        "docks_available": 18,
        "fullness": 0.0526
      }
    },
    {
      "type": "Feature",
      "geometry": {
        "type": "Point",
        "coordinates": [
          -79.351748,
          43.754922
        ]
      },
      "properties": {
        "station_id": "7983",
        "name": "York Mills Rd / Lesmill Rd",
        "capacity": 14,
        "bikes_available": 0,
        "docks_available": 12,
        "fullness": 0
      }
    },
    {
      "type": "Feature",
      "geometry": {
        "type": "Point",
        "coordinates": [
          -79.399205,
          43.636756
        ]
      },
      "properties": {
        "station_id": "7984",
        "name": "Lake Shore Blvd W / Bathurst St",
        "capacity": 23,
        "bikes_available": 16,
        "docks_available": 7,
        "fullness": 0.6957
      }
    },
    {
      "type": "Feature",
      "geometry": {
        "type": "Point",
        "coordinates": [
          -79.383121,
          43.768162
        ]
      },
      "properties": {
        "station_id": "7985",
        "name": "Hawksbury Dr / Sheppard Ave E ",
        "capacity": 15,
        "bikes_available": 0,
        "docks_available": 12,
        "fullness": 0
      }
    },
    {
      "type": "Feature",
      "geometry": {
        "type": "Point",
        "coordinates": [
          -79.363812,
          43.771148
        ]
      },
      "properties": {
        "station_id": "7986",
        "name": "Sheppard Ave E / Leslie St",
        "capacity": 19,
        "bikes_available": 1,
        "docks_available": 18,
        "fullness": 0.0526
      }
    },
    {
      "type": "Feature",
      "geometry": {
        "type": "Point",
        "coordinates": [
          -79.353062,
          43.773515
        ]
      },
      "properties": {
        "station_id": "7987",
        "name": "Shaughnessy Blvd / Sheppard Ave E",
        "capacity": 15,
        "bikes_available": 0,
        "docks_available": 15,
        "fullness": 0
      }
    },
    {
      "type": "Feature",
      "geometry": {
        "type": "Point",
        "coordinates": [
          -79.358363,
          43.792363
        ]
      },
      "properties": {
        "station_id": "7988",
        "name": "Brahms Ave / Finch Ave E",
        "capacity": 19,
        "bikes_available": 2,
        "docks_available": 17,
        "fullness": 0.1053
      }
    },
    {
      "type": "Feature",
      "geometry": {
        "type": "Point",
        "coordinates": [
          -79.348372,
          43.778886
        ]
      },
      "properties": {
        "station_id": "7989",
        "name": "Don Mills Rd / Fairview Mall Dr",
        "capacity": 15,
        "bikes_available": 0,
        "docks_available": 15,
        "fullness": 0
      }
    },
    {
      "type": "Feature",
      "geometry": {
        "type": "Point",
        "coordinates": [
          -79.353682,
          43.785414
        ]
      },
      "properties": {
        "station_id": "7990",
        "name": "Don Mills Rd / Goodview Rd",
        "capacity": 11,
        "bikes_available": 0,
        "docks_available": 11,
        "fullness": 0
      }
    },
    {
      "type": "Feature",
      "geometry": {
        "type": "Point",
        "coordinates": [
          -79.217465,
          43.738784
        ]
      },
      "properties": {
        "station_id": "7991",
        "name": "Kingston Rd / Markham Rd",
        "capacity": 15,
        "bikes_available": 3,
        "docks_available": 12,
        "fullness": 0.2
      }
    },
    {
      "type": "Feature",
      "geometry": {
        "type": "Point",
        "coordinates": [
          -79.534452,
          43.708767
        ]
      },
      "properties": {
        "station_id": "7992",
        "name": "Fairglen Cres / Weston Rd",
        "capacity": 11,
        "bikes_available": 0,
        "docks_available": 11,
        "fullness": 0
      }
    },
    {
      "type": "Feature",
      "geometry": {
        "type": "Point",
        "coordinates": [
          -79.409048,
          43.671052
        ]
      },
      "properties": {
        "station_id": "7993",
        "name": "Wells St / Brunswick Ave",
        "capacity": 14,
        "bikes_available": 4,
        "docks_available": 7,
        "fullness": 0.2857
      }
    },
    {
      "type": "Feature",
      "geometry": {
        "type": "Point",
        "coordinates": [
          -79.303513,
          43.724861
        ]
      },
      "properties": {
        "station_id": "7994",
        "name": "Eglinton Ave E / Victoria Park Ave",
        "capacity": 11,
        "bikes_available": 2,
        "docks_available": 8,
        "fullness": 0.1818
      }
    },
    {
      "type": "Feature",
      "geometry": {
        "type": "Point",
        "coordinates": [
          -79.44376,
          43.69705
        ]
      },
      "properties": {
        "station_id": "7995",
        "name": "Eglinton Ave W / Oakwood Ave",
        "capacity": 15,
        "bikes_available": 1,
        "docks_available": 14,
        "fullness": 0.0667
      }
    },
    {
      "type": "Feature",
      "geometry": {
        "type": "Point",
        "coordinates": [
          -79.25461,
          43.717047
        ]
      },
      "properties": {
        "station_id": "7996",
        "name": "Scarborough GO Station",
        "capacity": 23,
        "bikes_available": 10,
        "docks_available": 10,
        "fullness": 0.4348
      }
    },
    {
      "type": "Feature",
      "geometry": {
        "type": "Point",
        "coordinates": [
          -79.517625,
          43.646187
        ]
      },
      "properties": {
        "station_id": "7997",
        "name": "3220 Bloor St W",
        "capacity": 39,
        "bikes_available": 27,
        "docks_available": 11,
        "fullness": 0.6923
      }
    },
    {
      "type": "Feature",
      "geometry": {
        "type": "Point",
        "coordinates": [
          -79.436807,
          43.698671
        ]
      },
      "properties": {
        "station_id": "7998",
        "name": "Eglinton West Subway Station",
        "capacity": 19,
        "bikes_available": 1,
        "docks_available": 18,
        "fullness": 0.0526
      }
    },
    {
      "type": "Feature",
      "geometry": {
        "type": "Point",
        "coordinates": [
          -79.446154,
          43.715553
        ]
      },
      "properties": {
        "station_id": "7999",
        "name": "Lawrence Ave W / Marlee Ave",
        "capacity": 15,
        "bikes_available": 0,
        "docks_available": 12,
        "fullness": 0
      }
    },
    {
      "type": "Feature",
      "geometry": {
        "type": "Point",
        "coordinates": [
          -79.486753,
          43.648837
        ]
      },
      "properties": {
        "station_id": "8000",
        "name": "16 Riverview Gardens ",
        "capacity": 31,
        "bikes_available": 19,
        "docks_available": 10,
        "fullness": 0.6129
      }
    },
    {
      "type": "Feature",
      "geometry": {
        "type": "Point",
        "coordinates": [
          -79.381163,
          43.64565
        ]
      },
      "properties": {
        "station_id": "8001",
        "name": "Union Station (North) - SMART",
        "capacity": 24,
        "bikes_available": 4,
        "docks_available": 20,
        "fullness": 0.1667
      }
    },
    {
      "type": "Feature",
      "geometry": {
        "type": "Point",
        "coordinates": [
          -79.432804,
          43.780468
        ]
      },
      "properties": {
        "station_id": "8002",
        "name": "Grantbrook St / Finch Hydro Corridor Trail",
        "capacity": 15,
        "bikes_available": 1,
        "docks_available": 14,
        "fullness": 0.0667
      }
    },
    {
      "type": "Feature",
      "geometry": {
        "type": "Point",
        "coordinates": [
          -79.404999,
          43.642698
        ]
      },
      "properties": {
        "station_id": "8003",
        "name": "Tecumseth St / Tecumseth Pl",
        "capacity": 11,
        "bikes_available": 11,
        "docks_available": 0,
        "fullness": 1
      }
    },
    {
      "type": "Feature",
      "geometry": {
        "type": "Point",
        "coordinates": [
          -79.392696,
          43.687212
        ]
      },
      "properties": {
        "station_id": "8004",
        "name": "21 Pleasant Blvd (1)",
        "capacity": 11,
        "bikes_available": 8,
        "docks_available": 0,
        "fullness": 0.7273
      }
    },
    {
      "type": "Feature",
      "geometry": {
        "type": "Point",
        "coordinates": [
          -79.392697,
          43.687204
        ]
      },
      "properties": {
        "station_id": "8005",
        "name": "21 Pleasant Blvd (2)",
        "capacity": 11,
        "bikes_available": 7,
        "docks_available": 1,
        "fullness": 0.6364
      }
    },
    {
      "type": "Feature",
      "geometry": {
        "type": "Point",
        "coordinates": [
          -79.410853,
          43.644382
        ]
      },
      "properties": {
        "station_id": "8006",
        "name": "803 Richmond St W",
        "capacity": 23,
        "bikes_available": 14,
        "docks_available": 7,
        "fullness": 0.6087
      }
    },
    {
      "type": "Feature",
      "geometry": {
        "type": "Point",
        "coordinates": [
          -79.468336,
          43.665109
        ]
      },
      "properties": {
        "station_id": "8007",
        "name": "385 Pacific Ave",
        "capacity": 31,
        "bikes_available": 28,
        "docks_available": 1,
        "fullness": 0.9032
      }
    },
    {
      "type": "Feature",
      "geometry": {
        "type": "Point",
        "coordinates": [
          -79.403727,
          43.72992
        ]
      },
      "properties": {
        "station_id": "8008",
        "name": "Brookdale Ave / Yonge St",
        "capacity": 16,
        "bikes_available": 1,
        "docks_available": 13,
        "fullness": 0.0625
      }
    },
    {
      "type": "Feature",
      "geometry": {
        "type": "Point",
        "coordinates": [
          -79.451901,
          43.69593
        ]
      },
      "properties": {
        "station_id": "8009",
        "name": "1 Shortt St",
        "capacity": 39,
        "bikes_available": 22,
        "docks_available": 12,
        "fullness": 0.5641
      }
    },
    {
      "type": "Feature",
      "geometry": {
        "type": "Point",
        "coordinates": [
          -79.444048,
          43.773561
        ]
      },
      "properties": {
        "station_id": "8010",
        "name": "Finch Ave W / Bathurst St",
        "capacity": 19,
        "bikes_available": 0,
        "docks_available": 18,
        "fullness": 0
      }
    },
    {
      "type": "Feature",
      "geometry": {
        "type": "Point",
        "coordinates": [
          -79.376849,
          43.65232
        ]
      },
      "properties": {
        "station_id": "8011",
        "name": "33 Queen St E",
        "capacity": 31,
        "bikes_available": 26,
        "docks_available": 4,
        "fullness": 0.8387
      }
    },
    {
      "type": "Feature",
      "geometry": {
        "type": "Point",
        "coordinates": [
          -79.351209,
          43.643321
        ]
      },
      "properties": {
        "station_id": "8012",
        "name": "Cherry St / Polson St",
        "capacity": 19,
        "bikes_available": 6,
        "docks_available": 3,
        "fullness": 0.3158
      }
    },
    {
      "type": "Feature",
      "geometry": {
        "type": "Point",
        "coordinates": [
          -79.341435,
          43.657926
        ]
      },
      "properties": {
        "station_id": "8013",
        "name": "Logan Ave / Eastern Ave - SMART",
        "capacity": 12,
        "bikes_available": 11,
        "docks_available": 1,
        "fullness": 0.9167
      }
    },
    {
      "type": "Feature",
      "geometry": {
        "type": "Point",
        "coordinates": [
          -79.39169,
          43.644734
        ]
      },
      "properties": {
        "station_id": "8014",
        "name": "Wellington St W / Blue Jays Way",
        "capacity": 23,
        "bikes_available": 22,
        "docks_available": 1,
        "fullness": 0.9565
      }
    },
    {
      "type": "Feature",
      "geometry": {
        "type": "Point",
        "coordinates": [
          -79.398016,
          43.652352
        ]
      },
      "properties": {
        "station_id": "8015",
        "name": "Spadina Ave / Dundas St W - SMART",
        "capacity": 12,
        "bikes_available": 0,
        "docks_available": 12,
        "fullness": 0
      }
    },
    {
      "type": "Feature",
      "geometry": {
        "type": "Point",
        "coordinates": [
          -79.372858,
          43.642499
        ]
      },
      "properties": {
        "station_id": "8016",
        "name": "Queens Quay E / Freeland St",
        "capacity": 23,
        "bikes_available": 17,
        "docks_available": 4,
        "fullness": 0.7391
      }
    },
    {
      "type": "Feature",
      "geometry": {
        "type": "Point",
        "coordinates": [
          -79.297687,
          43.725345
        ]
      },
      "properties": {
        "station_id": "8017",
        "name": "Pharmacy Ave / Eglinton Ave E ",
        "capacity": 15,
        "bikes_available": 0,
        "docks_available": 15,
        "fullness": 0
      }
    },
    {
      "type": "Feature",
      "geometry": {
        "type": "Point",
        "coordinates": [
          -79.347153,
          43.658977
        ]
      },
      "properties": {
        "station_id": "8018",
        "name": "Saulter St / Queen St E - SMART",
        "capacity": 16,
        "bikes_available": 16,
        "docks_available": 0,
        "fullness": 1
      }
    },
    {
      "type": "Feature",
      "geometry": {
        "type": "Point",
        "coordinates": [
          -79.407687,
          43.646568
        ]
      },
      "properties": {
        "station_id": "8020",
        "name": "Euclid Ave / Queen St W - SMART",
        "capacity": 9,
        "bikes_available": 3,
        "docks_available": 4,
        "fullness": 0.3333
      }
    },
    {
      "type": "Feature",
      "geometry": {
        "type": "Point",
        "coordinates": [
          -79.451021,
          43.772456
        ]
      },
      "properties": {
        "station_id": "8021",
        "name": "Torresdale Ave / Finch Ave W",
        "capacity": 19,
        "bikes_available": 0,
        "docks_available": 19,
        "fullness": 0
      }
    },
    {
      "type": "Feature",
      "geometry": {
        "type": "Point",
        "coordinates": [
          -79.420145,
          43.655119
        ]
      },
      "properties": {
        "station_id": "8023",
        "name": "Shaw St / College St",
        "capacity": 11,
        "bikes_available": 0,
        "docks_available": 9,
        "fullness": 0
      }
    },
    {
      "type": "Feature",
      "geometry": {
        "type": "Point",
        "coordinates": [
          -79.375525,
          43.647624
        ]
      },
      "properties": {
        "station_id": "8025",
        "name": "Front St E / Scott St (2)",
        "capacity": 11,
        "bikes_available": 11,
        "docks_available": 0,
        "fullness": 1
      }
    },
    {
      "type": "Feature",
      "geometry": {
        "type": "Point",
        "coordinates": [
          -79.376704,
          43.641032
        ]
      },
      "properties": {
        "station_id": "8026",
        "name": "Jack Layton Ferry Terminal",
        "capacity": 23,
        "bikes_available": 11,
        "docks_available": 12,
        "fullness": 0.4783
      }
    },
    {
      "type": "Feature",
      "geometry": {
        "type": "Point",
        "coordinates": [
          -79.389622,
          43.627829
        ]
      },
      "properties": {
        "station_id": "8027",
        "name": "Hanlan's Point Ferry Dock",
        "capacity": 39,
        "bikes_available": 3,
        "docks_available": 36,
        "fullness": 0.0769
      }
    },
    {
      "type": "Feature",
      "geometry": {
        "type": "Point",
        "coordinates": [
          -79.356034,
          43.629674
        ]
      },
      "properties": {
        "station_id": "8028",
        "name": "Ward's Island Ferry Dock",
        "capacity": 27,
        "bikes_available": 4,
        "docks_available": 23,
        "fullness": 0.1481
      }
    },
    {
      "type": "Feature",
      "geometry": {
        "type": "Point",
        "coordinates": [
          -79.390688,
          43.619044
        ]
      },
      "properties": {
        "station_id": "8029",
        "name": "Hanlan's Point Beach",
        "capacity": 47,
        "bikes_available": 20,
        "docks_available": 27,
        "fullness": 0.4255
      }
    },
    {
      "type": "Feature",
      "geometry": {
        "type": "Point",
        "coordinates": [
          -79.378882,
          43.622021
        ]
      },
      "properties": {
        "station_id": "8030",
        "name": "Centre Island Ferry Dock",
        "capacity": 35,
        "bikes_available": 17,
        "docks_available": 18,
        "fullness": 0.4857
      }
    },
    {
      "type": "Feature",
      "geometry": {
        "type": "Point",
        "coordinates": [
          -79.466515,
          43.733595
        ]
      },
      "properties": {
        "station_id": "8031",
        "name": "Ancaster Rd / Spalding Rd",
        "capacity": 15,
        "bikes_available": 1,
        "docks_available": 14,
        "fullness": 0.0667
      }
    },
    {
      "type": "Feature",
      "geometry": {
        "type": "Point",
        "coordinates": [
          -79.49203,
          43.72886
        ]
      },
      "properties": {
        "station_id": "8032",
        "name": "Roding St / Nash Dr",
        "capacity": 15,
        "bikes_available": 0,
        "docks_available": 14,
        "fullness": 0
      }
    },
    {
      "type": "Feature",
      "geometry": {
        "type": "Point",
        "coordinates": [
          -79.494163,
          43.723787
        ]
      },
      "properties": {
        "station_id": "8033",
        "name": "Ridge Rd / Wilson Ave ",
        "capacity": 19,
        "bikes_available": 0,
        "docks_available": 19,
        "fullness": 0
      }
    },
    {
      "type": "Feature",
      "geometry": {
        "type": "Point",
        "coordinates": [
          -79.510143,
          43.729522
        ]
      },
      "properties": {
        "station_id": "8034",
        "name": "Exbury Rd / Jane St",
        "capacity": 15,
        "bikes_available": 2,
        "docks_available": 11,
        "fullness": 0.1333
      }
    },
    {
      "type": "Feature",
      "geometry": {
        "type": "Point",
        "coordinates": [
          -79.478001,
          43.728618
        ]
      },
      "properties": {
        "station_id": "8035",
        "name": "Dubray Ave / Wilson Ave",
        "capacity": 19,
        "bikes_available": 1,
        "docks_available": 17,
        "fullness": 0.0526
      }
    },
    {
      "type": "Feature",
      "geometry": {
        "type": "Point",
        "coordinates": [
          -79.512863,
          43.739013
        ]
      },
      "properties": {
        "station_id": "8036",
        "name": "Jane St / Sheppard Ave W",
        "capacity": 19,
        "bikes_available": 0,
        "docks_available": 18,
        "fullness": 0
      }
    },
    {
      "type": "Feature",
      "geometry": {
        "type": "Point",
        "coordinates": [
          -79.438122,
          43.755176
        ]
      },
      "properties": {
        "station_id": "8037",
        "name": "Bathurst St / Sheppard Ave W",
        "capacity": 15,
        "bikes_available": 1,
        "docks_available": 10,
        "fullness": 0.0667
      }
    },
    {
      "type": "Feature",
      "geometry": {
        "type": "Point",
        "coordinates": [
          -79.374889,
          43.788938
        ]
      },
      "properties": {
        "station_id": "8038",
        "name": "Finch Ave E / Upper Don Recreational Trail ",
        "capacity": 11,
        "bikes_available": 0,
        "docks_available": 9,
        "fullness": 0
      }
    },
    {
      "type": "Feature",
      "geometry": {
        "type": "Point",
        "coordinates": [
          -79.389886,
          43.789782
        ]
      },
      "properties": {
        "station_id": "8039",
        "name": "Ruddington Dr / Finch Recreational Trail",
        "capacity": 19,
        "bikes_available": 1,
        "docks_available": 17,
        "fullness": 0.0526
      }
    },
    {
      "type": "Feature",
      "geometry": {
        "type": "Point",
        "coordinates": [
          -79.369259,
          43.794423
        ]
      },
      "properties": {
        "station_id": "8040",
        "name": "Old Cummer GO Station",
        "capacity": 23,
        "bikes_available": 4,
        "docks_available": 17,
        "fullness": 0.1739
      }
    },
    {
      "type": "Feature",
      "geometry": {
        "type": "Point",
        "coordinates": [
          -79.456,
          43.761158
        ]
      },
      "properties": {
        "station_id": "8041",
        "name": "Wilmington Ave / Kennard Ave",
        "capacity": 11,
        "bikes_available": 0,
        "docks_available": 11,
        "fullness": 0
      }
    },
    {
      "type": "Feature",
      "geometry": {
        "type": "Point",
        "coordinates": [
          -79.34295,
          43.779672
        ]
      },
      "properties": {
        "station_id": "8042",
        "name": "Fairview Mall Dr / Fairview Mall Dr E",
        "capacity": 19,
        "bikes_available": 0,
        "docks_available": 19,
        "fullness": 0
      }
    },
    {
      "type": "Feature",
      "geometry": {
        "type": "Point",
        "coordinates": [
          -79.28118,
          43.738932
        ]
      },
      "properties": {
        "station_id": "8043",
        "name": "Birchmount Rd / The Meadoway",
        "capacity": 15,
        "bikes_available": 2,
        "docks_available": 13,
        "fullness": 0.1333
      }
    },
    {
      "type": "Feature",
      "geometry": {
        "type": "Point",
        "coordinates": [
          -79.214502,
          43.747151
        ]
      },
      "properties": {
        "station_id": "8044",
        "name": "Scarborough Village Park",
        "capacity": 11,
        "bikes_available": 1,
        "docks_available": 10,
        "fullness": 0.0909
      }
    },
    {
      "type": "Feature",
      "geometry": {
        "type": "Point",
        "coordinates": [
          -79.265722,
          43.749566
        ]
      },
      "properties": {
        "station_id": "8045",
        "name": "Prudential Dr / Midland Ave",
        "capacity": 15,
        "bikes_available": 1,
        "docks_available": 13,
        "fullness": 0.0667
      }
    },
    {
      "type": "Feature",
      "geometry": {
        "type": "Point",
        "coordinates": [
          -79.219444,
          43.744989
        ]
      },
      "properties": {
        "station_id": "8046",
        "name": "Markham Rd / Cougar Crt",
        "capacity": 11,
        "bikes_available": 1,
        "docks_available": 10,
        "fullness": 0.0909
      }
    },
    {
      "type": "Feature",
      "geometry": {
        "type": "Point",
        "coordinates": [
          -79.199615,
          43.765641
        ]
      },
      "properties": {
        "station_id": "8047",
        "name": "Lawrence Ave E / Overture Rd",
        "capacity": 11,
        "bikes_available": 3,
        "docks_available": 8,
        "fullness": 0.2727
      }
    },
    {
      "type": "Feature",
      "geometry": {
        "type": "Point",
        "coordinates": [
          -79.187114,
          43.769079
        ]
      },
      "properties": {
        "station_id": "8048",
        "name": "Morningside Ave / Kingston Rd",
        "capacity": 15,
        "bikes_available": 3,
        "docks_available": 10,
        "fullness": 0.2
      }
    },
    {
      "type": "Feature",
      "geometry": {
        "type": "Point",
        "coordinates": [
          -79.468788,
          43.736802
        ]
      },
      "properties": {
        "station_id": "8049",
        "name": "YZD",
        "capacity": 19,
        "bikes_available": 1,
        "docks_available": 18,
        "fullness": 0.0526
      }
    },
    {
      "type": "Feature",
      "geometry": {
        "type": "Point",
        "coordinates": [
          -79.453388,
          43.733459
        ]
      },
      "properties": {
        "station_id": "8050",
        "name": "Wilson Ave / Transit Rd (TTC Subway Station)",
        "capacity": 23,
        "bikes_available": 0,
        "docks_available": 23,
        "fullness": 0
      }
    },
    {
      "type": "Feature",
      "geometry": {
        "type": "Point",
        "coordinates": [
          -79.375945,
          43.666978
        ]
      },
      "properties": {
        "station_id": "8051",
        "name": "Homewood Ave / Wellesley St E - SMART",
        "capacity": 12,
        "bikes_available": 2,
        "docks_available": 10,
        "fullness": 0.1667
      }
    },
    {
      "type": "Feature",
      "geometry": {
        "type": "Point",
        "coordinates": [
          -79.290519,
          43.735548
        ]
      },
      "properties": {
        "station_id": "8052",
        "name": "Warden Ave / The Meadoway",
        "capacity": 11,
        "bikes_available": 2,
        "docks_available": 9,
        "fullness": 0.1818
      }
    },
    {
      "type": "Feature",
      "geometry": {
        "type": "Point",
        "coordinates": [
          -79.194693,
          43.762472
        ]
      },
      "properties": {
        "station_id": "8053",
        "name": "Galloway Rd / Kingston Rd ",
        "capacity": 17,
        "bikes_available": 3,
        "docks_available": 13,
        "fullness": 0.1765
      }
    },
    {
      "type": "Feature",
      "geometry": {
        "type": "Point",
        "coordinates": [
          -79.330443,
          43.775183
        ]
      },
      "properties": {
        "station_id": "8054",
        "name": "Sheppard Ave E / Brian Dr",
        "capacity": 19,
        "bikes_available": 0,
        "docks_available": 17,
        "fullness": 0
      }
    },
    {
      "type": "Feature",
      "geometry": {
        "type": "Point",
        "coordinates": [
          -79.398337,
          43.764112
        ]
      },
      "properties": {
        "station_id": "8055",
        "name": "Sheppard Ave E / Willowdale Ave ",
        "capacity": 11,
        "bikes_available": 5,
        "docks_available": 4,
        "fullness": 0.4545
      }
    },
    {
      "type": "Feature",
      "geometry": {
        "type": "Point",
        "coordinates": [
          -79.342753,
          43.774706
        ]
      },
      "properties": {
        "station_id": "8056",
        "name": "Parkway Forest Dr / Forest Manor Rd (North)",
        "capacity": 19,
        "bikes_available": 2,
        "docks_available": 16,
        "fullness": 0.1053
      }
    },
    {
      "type": "Feature",
      "geometry": {
        "type": "Point",
        "coordinates": [
          -79.343382,
          43.76953
        ]
      },
      "properties": {
        "station_id": "8057",
        "name": "Parkway Forest Dr / Forest Manor Rd (South)",
        "capacity": 19,
        "bikes_available": 0,
        "docks_available": 18,
        "fullness": 0
      }
    },
    {
      "type": "Feature",
      "geometry": {
        "type": "Point",
        "coordinates": [
          -79.400391,
          43.786116
        ]
      },
      "properties": {
        "station_id": "8058",
        "name": "Maxome Ave / Finch Hydro Corridor",
        "capacity": 19,
        "bikes_available": 1,
        "docks_available": 17,
        "fullness": 0.0526
      }
    },
    {
      "type": "Feature",
      "geometry": {
        "type": "Point",
        "coordinates": [
          -79.271492,
          43.731703
        ]
      },
      "properties": {
        "station_id": "8059",
        "name": "Ionview Rd / Eglinton Ave E",
        "capacity": 11,
        "bikes_available": 2,
        "docks_available": 7,
        "fullness": 0.1818
      }
    },
    {
      "type": "Feature",
      "geometry": {
        "type": "Point",
        "coordinates": [
          -79.257845,
          43.736599
        ]
      },
      "properties": {
        "station_id": "8060",
        "name": "Gilder Dr / Midland Ave",
        "capacity": 15,
        "bikes_available": 1,
        "docks_available": 13,
        "fullness": 0.0667
      }
    },
    {
      "type": "Feature",
      "geometry": {
        "type": "Point",
        "coordinates": [
          -79.261243,
          43.742514
        ]
      },
      "properties": {
        "station_id": "8061",
        "name": "Stansbury Cr / Midland Ave",
        "capacity": 11,
        "bikes_available": 5,
        "docks_available": 5,
        "fullness": 0.4545
      }
    },
    {
      "type": "Feature",
      "geometry": {
        "type": "Point",
        "coordinates": [
          -79.379983,
          43.648375
        ]
      },
      "properties": {
        "station_id": "8062",
        "name": "Bay St / King St W",
        "capacity": 11,
        "bikes_available": 7,
        "docks_available": 4,
        "fullness": 0.6364
      }
    },
    {
      "type": "Feature",
      "geometry": {
        "type": "Point",
        "coordinates": [
          -79.277028,
          43.733104
        ]
      },
      "properties": {
        "station_id": "8063",
        "name": "Maida Vale Park",
        "capacity": 11,
        "bikes_available": 3,
        "docks_available": 8,
        "fullness": 0.2727
      }
    },
    {
      "type": "Feature",
      "geometry": {
        "type": "Point",
        "coordinates": [
          -79.269959,
          43.737462
        ]
      },
      "properties": {
        "station_id": "8064",
        "name": "Kennedy Rd / Bertrand Ave",
        "capacity": 11,
        "bikes_available": 0,
        "docks_available": 11,
        "fullness": 0
      }
    },
    {
      "type": "Feature",
      "geometry": {
        "type": "Point",
        "coordinates": [
          -79.262797,
          43.752355
        ]
      },
      "properties": {
        "station_id": "8065",
        "name": "Brockley Dr / Lawrence Ave E",
        "capacity": 11,
        "bikes_available": 1,
        "docks_available": 10,
        "fullness": 0.0909
      }
    },
    {
      "type": "Feature",
      "geometry": {
        "type": "Point",
        "coordinates": [
          -79.245318,
          43.743072
        ]
      },
      "properties": {
        "station_id": "8066",
        "name": "Danforth Rd / Savarin St",
        "capacity": 15,
        "bikes_available": 0,
        "docks_available": 14,
        "fullness": 0
      }
    },
    {
      "type": "Feature",
      "geometry": {
        "type": "Point",
        "coordinates": [
          -79.373033,
          43.618516
        ]
      },
      "properties": {
        "station_id": "8070",
        "name": "Centre Island",
        "capacity": 31,
        "bikes_available": 6,
        "docks_available": 24,
        "fullness": 0.1935
      }
    },
    {
      "type": "Feature",
      "geometry": {
        "type": "Point",
        "coordinates": [
          -79.286696,
          43.803566
        ]
      },
      "properties": {
        "station_id": "8073",
        "name": "Finch Ave E / Midland Ave",
        "capacity": 14,
        "bikes_available": 0,
        "docks_available": 14,
        "fullness": 0
      }
    },
    {
      "type": "Feature",
      "geometry": {
        "type": "Point",
        "coordinates": [
          -79.283763,
          43.796903
        ]
      },
      "properties": {
        "station_id": "8074",
        "name": "Huntingwood Dr / Midland Ave",
        "capacity": 11,
        "bikes_available": 0,
        "docks_available": 10,
        "fullness": 0
      }
    },
    {
      "type": "Feature",
      "geometry": {
        "type": "Point",
        "coordinates": [
          -79.476751,
          43.626462
        ]
      },
      "properties": {
        "station_id": "8075",
        "name": "Marine Parade Dr / Humber Bay Shores Park Trl",
        "capacity": 19,
        "bikes_available": 18,
        "docks_available": 0,
        "fullness": 0.9474
      }
    },
    {
      "type": "Feature",
      "geometry": {
        "type": "Point",
        "coordinates": [
          -79.31081,
          43.785717
        ]
      },
      "properties": {
        "station_id": "8076",
        "name": "Warden Ave / Huntingwood Dr",
        "capacity": 11,
        "bikes_available": 0,
        "docks_available": 11,
        "fullness": 0
      }
    },
    {
      "type": "Feature",
      "geometry": {
        "type": "Point",
        "coordinates": [
          -79.306712,
          43.800737
        ]
      },
      "properties": {
        "station_id": "8077",
        "name": "Silver Springs Blvd / Birchmount Rd",
        "capacity": 11,
        "bikes_available": 5,
        "docks_available": 3,
        "fullness": 0.4545
      }
    },
    {
      "type": "Feature",
      "geometry": {
        "type": "Point",
        "coordinates": [
          -79.323909,
          43.777759
        ]
      },
      "properties": {
        "station_id": "8078",
        "name": "Victoria Park Ave / Patrick Blvd ",
        "capacity": 15,
        "bikes_available": 1,
        "docks_available": 10,
        "fullness": 0.0667
      }
    },
    {
      "type": "Feature",
      "geometry": {
        "type": "Point",
        "coordinates": [
          -79.316852,
          43.79284
        ]
      },
      "properties": {
        "station_id": "8079",
        "name": "Aurora Ct / Bridletowne Cir",
        "capacity": 11,
        "bikes_available": 7,
        "docks_available": 3,
        "fullness": 0.6364
      }
    },
    {
      "type": "Feature",
      "geometry": {
        "type": "Point",
        "coordinates": [
          -79.299559,
          43.78343
        ]
      },
      "properties": {
        "station_id": "8080",
        "name": "Bay Mills Blvd / Birchmount Ave",
        "capacity": 15,
        "bikes_available": 1,
        "docks_available": 11,
        "fullness": 0.0667
      }
    },
    {
      "type": "Feature",
      "geometry": {
        "type": "Point",
        "coordinates": [
          -79.316298,
          43.78403
        ]
      },
      "properties": {
        "station_id": "8081",
        "name": "Bridlewood Park",
        "capacity": 11,
        "bikes_available": 0,
        "docks_available": 11,
        "fullness": 0
      }
    },
    {
      "type": "Feature",
      "geometry": {
        "type": "Point",
        "coordinates": [
          -79.28175,
          43.778263
        ]
      },
      "properties": {
        "station_id": "8082",
        "name": "Village Green Square",
        "capacity": 15,
        "bikes_available": 0,
        "docks_available": 15,
        "fullness": 0
      }
    },
    {
      "type": "Feature",
      "geometry": {
        "type": "Point",
        "coordinates": [
          -79.189453,
          43.759071
        ]
      },
      "properties": {
        "station_id": "8083",
        "name": "Eastview Park",
        "capacity": 11,
        "bikes_available": 0,
        "docks_available": 11,
        "fullness": 0
      }
    },
    {
      "type": "Feature",
      "geometry": {
        "type": "Point",
        "coordinates": [
          -79.38361,
          43.662029
        ]
      },
      "properties": {
        "station_id": "8084",
        "name": "Grenville St / Yonge St ",
        "capacity": 15,
        "bikes_available": 8,
        "docks_available": 6,
        "fullness": 0.5333
      }
    },
    {
      "type": "Feature",
      "geometry": {
        "type": "Point",
        "coordinates": [
          -79.430091,
          43.71901
        ]
      },
      "properties": {
        "station_id": "8085",
        "name": "Lawrence Ave W / Bathurst St",
        "capacity": 11,
        "bikes_available": 2,
        "docks_available": 7,
        "fullness": 0.1818
      }
    },
    {
      "type": "Feature",
      "geometry": {
        "type": "Point",
        "coordinates": [
          -79.454145,
          43.714318
        ]
      },
      "properties": {
        "station_id": "8086",
        "name": "Lawrence Ave W / Dufferin St",
        "capacity": 15,
        "bikes_available": 1,
        "docks_available": 13,
        "fullness": 0.0667
      }
    },
    {
      "type": "Feature",
      "geometry": {
        "type": "Point",
        "coordinates": [
          -79.35711,
          43.652964
        ]
      },
      "properties": {
        "station_id": "8087",
        "name": "Front St E / Cooperage St",
        "capacity": 19,
        "bikes_available": 6,
        "docks_available": 10,
        "fullness": 0.3158
      }
    },
    {
      "type": "Feature",
      "geometry": {
        "type": "Point",
        "coordinates": [
          -79.498834,
          43.70403
        ]
      },
      "properties": {
        "station_id": "8088",
        "name": "Lawrence Ave W / Renfield St",
        "capacity": 11,
        "bikes_available": 2,
        "docks_available": 8,
        "fullness": 0.1818
      }
    },
    {
      "type": "Feature",
      "geometry": {
        "type": "Point",
        "coordinates": [
          -79.508505,
          43.701775
        ]
      },
      "properties": {
        "station_id": "8089",
        "name": "Lawrence Ave W / Pine St",
        "capacity": 15,
        "bikes_available": 3,
        "docks_available": 12,
        "fullness": 0.2
      }
    },
    {
      "type": "Feature",
      "geometry": {
        "type": "Point",
        "coordinates": [
          -79.516717,
          43.706386
        ]
      },
      "properties": {
        "station_id": "8090",
        "name": "Church St / Cypress St",
        "capacity": 15,
        "bikes_available": 5,
        "docks_available": 10,
        "fullness": 0.3333
      }
    },
    {
      "type": "Feature",
      "geometry": {
        "type": "Point",
        "coordinates": [
          -79.48942,
          43.676519
        ]
      },
      "properties": {
        "station_id": "8091",
        "name": "Rockcliffe Blvd / Alliance Ave",
        "capacity": 11,
        "bikes_available": 11,
        "docks_available": 0,
        "fullness": 1
      }
    },
    {
      "type": "Feature",
      "geometry": {
        "type": "Point",
        "coordinates": [
          -79.493372,
          43.671196
        ]
      },
      "properties": {
        "station_id": "8092",
        "name": "Jane St / Woolner Ave (Woolner Park)",
        "capacity": 15,
        "bikes_available": 2,
        "docks_available": 12,
        "fullness": 0.1333
      }
    },
    {
      "type": "Feature",
      "geometry": {
        "type": "Point",
        "coordinates": [
          -79.513389,
          43.740937
        ]
      },
      "properties": {
        "station_id": "8093",
        "name": "Jane St / Spenvalley Dr",
        "capacity": 15,
        "bikes_available": 0,
        "docks_available": 15,
        "fullness": 0
      }
    },
    {
      "type": "Feature",
      "geometry": {
        "type": "Point",
        "coordinates": [
          -79.432473,
          43.729665
        ]
      },
      "properties": {
        "station_id": "8094",
        "name": "Baycrest Ave / Bathurst St",
        "capacity": 19,
        "bikes_available": 2,
        "docks_available": 17,
        "fullness": 0.1053
      }
    },
    {
      "type": "Feature",
      "geometry": {
        "type": "Point",
        "coordinates": [
          -79.537291,
          43.720582
        ]
      },
      "properties": {
        "station_id": "8095",
        "name": "Weston Rd / Gaydon Ave",
        "capacity": 11,
        "bikes_available": 0,
        "docks_available": 10,
        "fullness": 0
      }
    },
    {
      "type": "Feature",
      "geometry": {
        "type": "Point",
        "coordinates": [
          -79.340726,
          43.650269
        ]
      },
      "properties": {
        "station_id": "8096",
        "name": "Commissioners St / Bouchette St",
        "capacity": 20,
        "bikes_available": 11,
        "docks_available": 9,
        "fullness": 0.55
      }
    },
    {
      "type": "Feature",
      "geometry": {
        "type": "Point",
        "coordinates": [
          -79.519876,
          43.766105
        ]
      },
      "properties": {
        "station_id": "8099",
        "name": "Jane St / Milo Park Gt",
        "capacity": 11,
        "bikes_available": 0,
        "docks_available": 11,
        "fullness": 0
      }
    },
    {
      "type": "Feature",
      "geometry": {
        "type": "Point",
        "coordinates": [
          -79.350019,
          43.696514
        ]
      },
      "properties": {
        "station_id": "8101",
        "name": "Pape Ave / Hopedale Ave",
        "capacity": 15,
        "bikes_available": 9,
        "docks_available": 6,
        "fullness": 0.6
      }
    },
    {
      "type": "Feature",
      "geometry": {
        "type": "Point",
        "coordinates": [
          -79.509868,
          43.739738
        ]
      },
      "properties": {
        "station_id": "8102",
        "name": "Sheppard Ave W / Magellan Dr",
        "capacity": 15,
        "bikes_available": 1,
        "docks_available": 14,
        "fullness": 0.0667
      }
    },
    {
      "type": "Feature",
      "geometry": {
        "type": "Point",
        "coordinates": [
          -79.293534,
          43.785521
        ]
      },
      "properties": {
        "station_id": "8104",
        "name": "Toronto Public Library - Agincourt",
        "capacity": 15,
        "bikes_available": 0,
        "docks_available": 14,
        "fullness": 0
      }
    },
    {
      "type": "Feature",
      "geometry": {
        "type": "Point",
        "coordinates": [
          -79.301308,
          43.810482
        ]
      },
      "properties": {
        "station_id": "8105",
        "name": "Kennedy Rd / Finch Recreational Trail",
        "capacity": 15,
        "bikes_available": 2,
        "docks_available": 12,
        "fullness": 0.1333
      }
    },
    {
      "type": "Feature",
      "geometry": {
        "type": "Point",
        "coordinates": [
          -79.33452,
          43.690895
        ]
      },
      "properties": {
        "station_id": "8106",
        "name": "Memorial Park Ave / Kimbourne Ave ",
        "capacity": 11,
        "bikes_available": 4,
        "docks_available": 7,
        "fullness": 0.3636
      }
    },
    {
      "type": "Feature",
      "geometry": {
        "type": "Point",
        "coordinates": [
          -79.257684,
          43.787452
        ]
      },
      "properties": {
        "station_id": "8107",
        "name": "Pitfield Rd / McCowan Rd",
        "capacity": 15,
        "bikes_available": 3,
        "docks_available": 11,
        "fullness": 0.2
      }
    },
    {
      "type": "Feature",
      "geometry": {
        "type": "Point",
        "coordinates": [
          -79.276307,
          43.788094
        ]
      },
      "properties": {
        "station_id": "8108",
        "name": "Agincourt Recreation Centre",
        "capacity": 15,
        "bikes_available": 1,
        "docks_available": 14,
        "fullness": 0.0667
      }
    },
    {
      "type": "Feature",
      "geometry": {
        "type": "Point",
        "coordinates": [
          -79.272871,
          43.796928
        ]
      },
      "properties": {
        "station_id": "8109",
        "name": "Brimley Rd / E Highland Creek Trail",
        "capacity": 11,
        "bikes_available": 1,
        "docks_available": 7,
        "fullness": 0.0909
      }
    },
    {
      "type": "Feature",
      "geometry": {
        "type": "Point",
        "coordinates": [
          -79.291196,
          43.812642
        ]
      },
      "properties": {
        "station_id": "8110",
        "name": "Midland Ave / Finch Recreational Trail",
        "capacity": 15,
        "bikes_available": 0,
        "docks_available": 15,
        "fullness": 0
      }
    },
    {
      "type": "Feature",
      "geometry": {
        "type": "Point",
        "coordinates": [
          -79.278288,
          43.811735
        ]
      },
      "properties": {
        "station_id": "8111",
        "name": "Brimwood Blvd / North Scarborough Green Loop",
        "capacity": 11,
        "bikes_available": 0,
        "docks_available": 10,
        "fullness": 0
      }
    },
    {
      "type": "Feature",
      "geometry": {
        "type": "Point",
        "coordinates": [
          -79.260501,
          43.768527
        ]
      },
      "properties": {
        "station_id": "8112",
        "name": "Bernadine St / Brimley Rd",
        "capacity": 11,
        "bikes_available": 0,
        "docks_available": 11,
        "fullness": 0
      }
    },
    {
      "type": "Feature",
      "geometry": {
        "type": "Point",
        "coordinates": [
          -79.324359,
          43.653924
        ]
      },
      "properties": {
        "station_id": "8113",
        "name": "Leslie Lookout Park",
        "capacity": 23,
        "bikes_available": 12,
        "docks_available": 10,
        "fullness": 0.5217
      }
    },
    {
      "type": "Feature",
      "geometry": {
        "type": "Point",
        "coordinates": [
          -79.284657,
          43.748507
        ]
      },
      "properties": {
        "station_id": "8114",
        "name": "Dulverton Rd / Birchmount Rd",
        "capacity": 11,
        "bikes_available": 2,
        "docks_available": 7,
        "fullness": 0.1818
      }
    },
    {
      "type": "Feature",
      "geometry": {
        "type": "Point",
        "coordinates": [
          -79.240436,
          43.756495
        ]
      },
      "properties": {
        "station_id": "8115",
        "name": "Lawrence Ave E / Burnview Cres",
        "capacity": 11,
        "bikes_available": 1,
        "docks_available": 10,
        "fullness": 0.0909
      }
    },
    {
      "type": "Feature",
      "geometry": {
        "type": "Point",
        "coordinates": [
          -79.246741,
          43.754968
        ]
      },
      "properties": {
        "station_id": "8117",
        "name": "Valparaiso Ave / Lawrence Ave E",
        "capacity": 15,
        "bikes_available": 2,
        "docks_available": 13,
        "fullness": 0.1333
      }
    },
    {
      "type": "Feature",
      "geometry": {
        "type": "Point",
        "coordinates": [
          -79.561765,
          43.73533
        ]
      },
      "properties": {
        "station_id": "8119",
        "name": "Thistletown Community Centre",
        "capacity": 11,
        "bikes_available": 0,
        "docks_available": 11,
        "fullness": 0
      }
    },
    {
      "type": "Feature",
      "geometry": {
        "type": "Point",
        "coordinates": [
          -79.58264,
          43.739889
        ]
      },
      "properties": {
        "station_id": "8120",
        "name": "Albion Rd / Kipling Ave (Albion Arena)",
        "capacity": 11,
        "bikes_available": 0,
        "docks_available": 11,
        "fullness": 0
      }
    },
    {
      "type": "Feature",
      "geometry": {
        "type": "Point",
        "coordinates": [
          -79.588166,
          43.744717
        ]
      },
      "properties": {
        "station_id": "8122",
        "name": " Silverstone Dr / Stevenson Rd ",
        "capacity": 15,
        "bikes_available": 0,
        "docks_available": 14,
        "fullness": 0
      }
    },
    {
      "type": "Feature",
      "geometry": {
        "type": "Point",
        "coordinates": [
          -79.595656,
          43.744482
        ]
      },
      "properties": {
        "station_id": "8123",
        "name": "Martin Grove Rd / Lexington Ave",
        "capacity": 11,
        "bikes_available": 0,
        "docks_available": 11,
        "fullness": 0
      }
    },
    {
      "type": "Feature",
      "geometry": {
        "type": "Point",
        "coordinates": [
          -79.586611,
          43.732361
        ]
      },
      "properties": {
        "station_id": "8125",
        "name": "John Garland Blvd / Jamestown Cres",
        "capacity": 15,
        "bikes_available": 0,
        "docks_available": 15,
        "fullness": 0
      }
    },
    {
      "type": "Feature",
      "geometry": {
        "type": "Point",
        "coordinates": [
          -79.603464,
          43.719562
        ]
      },
      "properties": {
        "station_id": "8128",
        "name": "Queen’s Plate Dr / Rexdale Blvd",
        "capacity": 11,
        "bikes_available": 0,
        "docks_available": 10,
        "fullness": 0
      }
    },
    {
      "type": "Feature",
      "geometry": {
        "type": "Point",
        "coordinates": [
          -79.340985,
          43.727282
        ]
      },
      "properties": {
        "station_id": "8129",
        "name": "Don Mills Rd / Barber Greene Rd",
        "capacity": 11,
        "bikes_available": 0,
        "docks_available": 9,
        "fullness": 0
      }
    },
    {
      "type": "Feature",
      "geometry": {
        "type": "Point",
        "coordinates": [
          -79.333899,
          43.709985
        ]
      },
      "properties": {
        "station_id": "8130",
        "name": "Gateway Blvd (South) / Don Mills Rd",
        "capacity": 11,
        "bikes_available": 0,
        "docks_available": 10,
        "fullness": 0
      }
    },
    {
      "type": "Feature",
      "geometry": {
        "type": "Point",
        "coordinates": [
          -79.337404,
          43.718005
        ]
      },
      "properties": {
        "station_id": "8131",
        "name": "Rochefort Dr / Don Mills Rd",
        "capacity": 11,
        "bikes_available": 2,
        "docks_available": 7,
        "fullness": 0.1818
      }
    },
    {
      "type": "Feature",
      "geometry": {
        "type": "Point",
        "coordinates": [
          -79.332965,
          43.725717
        ]
      },
      "properties": {
        "station_id": "8133",
        "name": "Aga Khan Museum and Park (Wynford Dr)",
        "capacity": 15,
        "bikes_available": 2,
        "docks_available": 12,
        "fullness": 0.1333
      }
    },
    {
      "type": "Feature",
      "geometry": {
        "type": "Point",
        "coordinates": [
          -79.31309,
          43.726171
        ]
      },
      "properties": {
        "station_id": "8134",
        "name": "Eglinton Ave E / Sloane Ave",
        "capacity": 11,
        "bikes_available": 1,
        "docks_available": 9,
        "fullness": 0.0909
      }
    },
    {
      "type": "Feature",
      "geometry": {
        "type": "Point",
        "coordinates": [
          -79.413936,
          43.763849
        ]
      },
      "properties": {
        "station_id": "8137",
        "name": "95 Beecroft Rd",
        "capacity": 31,
        "bikes_available": 11,
        "docks_available": 17,
        "fullness": 0.3548
      }
    },
    {
      "type": "Feature",
      "geometry": {
        "type": "Point",
        "coordinates": [
          -79.255216,
          43.773746
        ]
      },
      "properties": {
        "station_id": "8138",
        "name": "Scarborough Town Centre",
        "capacity": 23,
        "bikes_available": 4,
        "docks_available": 19,
        "fullness": 0.1739
      }
    },
    {
      "type": "Feature",
      "geometry": {
        "type": "Point",
        "coordinates": [
          -79.251198,
          43.743906
        ]
      },
      "properties": {
        "station_id": "8139",
        "name": "Knob Hill Park",
        "capacity": 11,
        "bikes_available": 0,
        "docks_available": 11,
        "fullness": 0
      }
    },
    {
      "type": "Feature",
      "geometry": {
        "type": "Point",
        "coordinates": [
          -79.259485,
          43.765523
        ]
      },
      "properties": {
        "station_id": "8141",
        "name": "Brimley Rd / Brimorton Dr",
        "capacity": 11,
        "bikes_available": 0,
        "docks_available": 11,
        "fullness": 0
      }
    },
    {
      "type": "Feature",
      "geometry": {
        "type": "Point",
        "coordinates": [
          -79.189701,
          43.766753
        ]
      },
      "properties": {
        "station_id": "8142",
        "name": "Kitchener Rd / Kingston Rd",
        "capacity": 11,
        "bikes_available": 0,
        "docks_available": 11,
        "fullness": 0
      }
    },
    {
      "type": "Feature",
      "geometry": {
        "type": "Point",
        "coordinates": [
          -79.513812,
          43.670884
        ]
      },
      "properties": {
        "station_id": "8144",
        "name": "James Gardens",
        "capacity": 11,
        "bikes_available": 1,
        "docks_available": 9,
        "fullness": 0.0909
      }
    },
    {
      "type": "Feature",
      "geometry": {
        "type": "Point",
        "coordinates": [
          -79.391313,
          43.6473
        ]
      },
      "properties": {
        "station_id": "8147",
        "name": "Widmer St / Adelaide St W (South)",
        "capacity": 8,
        "bikes_available": 3,
        "docks_available": 5,
        "fullness": 0.375
      }
    },
    {
      "type": "Feature",
      "geometry": {
        "type": "Point",
        "coordinates": [
          -79.385489,
          43.646246
        ]
      },
      "properties": {
        "station_id": "8148",
        "name": "Simcoe St / Wellington St W (North) 2",
        "capacity": 4,
        "bikes_available": 2,
        "docks_available": 2,
        "fullness": 0.5
      }
    },
    {
      "type": "Feature",
      "geometry": {
        "type": "Point",
        "coordinates": [
          -79.259567,
          43.717162
        ]
      },
      "properties": {
        "station_id": "8149",
        "name": "Danforth Rd / St Clair Ave E",
        "capacity": 11,
        "bikes_available": 5,
        "docks_available": 6,
        "fullness": 0.4545
      }
    },
    {
      "type": "Feature",
      "geometry": {
        "type": "Point",
        "coordinates": [
          -79.277988,
          43.729323
        ]
      },
      "properties": {
        "station_id": "8150",
        "name": "Birchmount Rd / Eglinton Ave E",
        "capacity": 11,
        "bikes_available": 1,
        "docks_available": 10,
        "fullness": 0.0909
      }
    },
    {
      "type": "Feature",
      "geometry": {
        "type": "Point",
        "coordinates": [
          -79.264769,
          43.725446
        ]
      },
      "properties": {
        "station_id": "8151",
        "name": "Corvette Ave / Kennedy Rd",
        "capacity": 11,
        "bikes_available": 5,
        "docks_available": 4,
        "fullness": 0.4545
      }
    },
    {
      "type": "Feature",
      "geometry": {
        "type": "Point",
        "coordinates": [
          -79.387966,
          43.661043
        ]
      },
      "properties": {
        "station_id": "8152",
        "name": "Surrey Pl / Dr. Emily Stowe Way - SMART",
        "capacity": 16,
        "bikes_available": 14,
        "docks_available": 1,
        "fullness": 0.875
      }
    },
    {
      "type": "Feature",
      "geometry": {
        "type": "Point",
        "coordinates": [
          -79.204734,
          43.782349
        ]
      },
      "properties": {
        "station_id": "8153",
        "name": "Neilson Rd / Ellesmere Rd",
        "capacity": 19,
        "bikes_available": 0,
        "docks_available": 18,
        "fullness": 0
      }
    },
    {
      "type": "Feature",
      "geometry": {
        "type": "Point",
        "coordinates": [
          -79.195423,
          43.78528
        ]
      },
      "properties": {
        "station_id": "8154",
        "name": "Mornelle Ct / Ellesmere Rd",
        "capacity": 11,
        "bikes_available": 6,
        "docks_available": 4,
        "fullness": 0.5455
      }
    },
    {
      "type": "Feature",
      "geometry": {
        "type": "Point",
        "coordinates": [
          -79.221741,
          43.778815
        ]
      },
      "properties": {
        "station_id": "8155",
        "name": "Ellesmere Rd / Scarborough Golf Club Rd ",
        "capacity": 15,
        "bikes_available": 0,
        "docks_available": 15,
        "fullness": 0
      }
    },
    {
      "type": "Feature",
      "geometry": {
        "type": "Point",
        "coordinates": [
          -79.216038,
          43.761181
        ]
      },
      "properties": {
        "station_id": "8156",
        "name": "Scarborough Golf Club Rd / Lawrence Ave E ",
        "capacity": 11,
        "bikes_available": 3,
        "docks_available": 8,
        "fullness": 0.2727
      }
    },
    {
      "type": "Feature",
      "geometry": {
        "type": "Point",
        "coordinates": [
          -79.222943,
          43.757796
        ]
      },
      "properties": {
        "station_id": "8157",
        "name": "Confederation Dr / Greencrest Cr",
        "capacity": 15,
        "bikes_available": 0,
        "docks_available": 15,
        "fullness": 0
      }
    },
    {
      "type": "Feature",
      "geometry": {
        "type": "Point",
        "coordinates": [
          -79.205917,
          43.78555
        ]
      },
      "properties": {
        "station_id": "8158",
        "name": "Livonia Pl / Neilson Rd",
        "capacity": 11,
        "bikes_available": 4,
        "docks_available": 7,
        "fullness": 0.3636
      }
    },
    {
      "type": "Feature",
      "geometry": {
        "type": "Point",
        "coordinates": [
          -79.205599,
          43.763839
        ]
      },
      "properties": {
        "station_id": "8159",
        "name": "Lawrence Ave E / Orton Park Rd",
        "capacity": 15,
        "bikes_available": 0,
        "docks_available": 14,
        "fullness": 0
      }
    },
    {
      "type": "Feature",
      "geometry": {
        "type": "Point",
        "coordinates": [
          -79.210997,
          43.762706
        ]
      },
      "properties": {
        "station_id": "8160",
        "name": "Lawrence Ave E / Mossbank Dr",
        "capacity": 15,
        "bikes_available": 2,
        "docks_available": 13,
        "fullness": 0.1333
      }
    },
    {
      "type": "Feature",
      "geometry": {
        "type": "Point",
        "coordinates": [
          -79.304243,
          43.729022
        ]
      },
      "properties": {
        "station_id": "8161",
        "name": "Victoria Park Ave / The Meadoway",
        "capacity": 15,
        "bikes_available": 0,
        "docks_available": 14,
        "fullness": 0
      }
    },
    {
      "type": "Feature",
      "geometry": {
        "type": "Point",
        "coordinates": [
          -79.397769,
          43.639202
        ]
      },
      "properties": {
        "station_id": "8162",
        "name": "Dan Leckie Way / Fort York Blvd",
        "capacity": 27,
        "bikes_available": 8,
        "docks_available": 17,
        "fullness": 0.2963
      }
    },
    {
      "type": "Feature",
      "geometry": {
        "type": "Point",
        "coordinates": [
          -79.410568,
          43.639173
        ]
      },
      "properties": {
        "station_id": "8163",
        "name": "Strachan Ave / Ordnance St",
        "capacity": 23,
        "bikes_available": 12,
        "docks_available": 11,
        "fullness": 0.5217
      }
    },
    {
      "type": "Feature",
      "geometry": {
        "type": "Point",
        "coordinates": [
          -79.483305,
          43.733104
        ]
      },
      "properties": {
        "station_id": "8164",
        "name": "Keelegate Dr / Keele St",
        "capacity": 19,
        "bikes_available": 0,
        "docks_available": 18,
        "fullness": 0
      }
    },
    {
      "type": "Feature",
      "geometry": {
        "type": "Point",
        "coordinates": [
          -79.448242,
          43.723492
        ]
      },
      "properties": {
        "station_id": "8165",
        "name": "Ranee Ave / Flemington Rd (North)",
        "capacity": 11,
        "bikes_available": 0,
        "docks_available": 10,
        "fullness": 0
      }
    },
    {
      "type": "Feature",
      "geometry": {
        "type": "Point",
        "coordinates": [
          -79.271922,
          43.749662
        ]
      },
      "properties": {
        "station_id": "8166",
        "name": "Lawrence East Station",
        "capacity": 11,
        "bikes_available": 0,
        "docks_available": 10,
        "fullness": 0
      }
    },
    {
      "type": "Feature",
      "geometry": {
        "type": "Point",
        "coordinates": [
          -79.416488,
          43.725453
        ]
      },
      "properties": {
        "station_id": "8167",
        "name": "Woburn Ave / Avenue Rd",
        "capacity": 15,
        "bikes_available": 3,
        "docks_available": 11,
        "fullness": 0.2
      }
    },
    {
      "type": "Feature",
      "geometry": {
        "type": "Point",
        "coordinates": [
          -79.398789,
          43.641634
        ]
      },
      "properties": {
        "station_id": "8168",
        "name": "Portland St / Front St W",
        "capacity": 11,
        "bikes_available": 6,
        "docks_available": 4,
        "fullness": 0.5455
      }
    },
    {
      "type": "Feature",
      "geometry": {
        "type": "Point",
        "coordinates": [
          -79.508614,
          43.722546
        ]
      },
      "properties": {
        "station_id": "8169",
        "name": "William Cragg Dr / Jane St",
        "capacity": 15,
        "bikes_available": 2,
        "docks_available": 12,
        "fullness": 0.1333
      }
    },
    {
      "type": "Feature",
      "geometry": {
        "type": "Point",
        "coordinates": [
          -79.35033,
          43.646529
        ]
      },
      "properties": {
        "station_id": "8170",
        "name": "Munition St / Commissioners St",
        "capacity": 15,
        "bikes_available": 1,
        "docks_available": 13,
        "fullness": 0.0667
      }
    },
    {
      "type": "Feature",
      "geometry": {
        "type": "Point",
        "coordinates": [
          -79.446213,
          43.639599
        ]
      },
      "properties": {
        "station_id": "8171",
        "name": " Grafton Ave / Roncesvalles Ave",
        "capacity": 23,
        "bikes_available": 21,
        "docks_available": 1,
        "fullness": 0.913
      }
    },
    {
      "type": "Feature",
      "geometry": {
        "type": "Point",
        "coordinates": [
          -79.460192,
          43.674857
        ]
      },
      "properties": {
        "station_id": "8172",
        "name": "Silverthorn Ave / Pryor Ave",
        "capacity": 23,
        "bikes_available": 0,
        "docks_available": 23,
        "fullness": 0
      }
    },
    {
      "type": "Feature",
      "geometry": {
        "type": "Point",
        "coordinates": [
          -79.403953,
          43.686002
        ]
      },
      "properties": {
        "station_id": "8173",
        "name": "St. Clair Ave W / Poplar Plains Rd",
        "capacity": 11,
        "bikes_available": 0,
        "docks_available": 11,
        "fullness": 0
      }
    },
    {
      "type": "Feature",
      "geometry": {
        "type": "Point",
        "coordinates": [
          -79.374194,
          43.648645
        ]
      },
      "properties": {
        "station_id": "8174",
        "name": "Wellington St E / Church St",
        "capacity": 19,
        "bikes_available": 16,
        "docks_available": 3,
        "fullness": 0.8421
      }
    },
    {
      "type": "Feature",
      "geometry": {
        "type": "Point",
        "coordinates": [
          -79.385535,
          43.646227
        ]
      },
      "properties": {
        "station_id": "8175",
        "name": "Simcoe St / Wellington St W (North) 3",
        "capacity": 23,
        "bikes_available": 20,
        "docks_available": 3,
        "fullness": 0.8696
      }
    },
    {
      "type": "Feature",
      "geometry": {
        "type": "Point",
        "coordinates": [
          -79.510038,
          43.648347
        ]
      },
      "properties": {
        "station_id": "8176",
        "name": "9 Willingdon Blvd",
        "capacity": 39,
        "bikes_available": 33,
        "docks_available": 3,
        "fullness": 0.8462
      }
    },
    {
      "type": "Feature",
      "geometry": {
        "type": "Point",
        "coordinates": [
          -79.324495,
          43.712573
        ]
      },
      "properties": {
        "station_id": "8177",
        "name": "Linkwood Ln / Spanbridge Rd",
        "capacity": 11,
        "bikes_available": 0,
        "docks_available": 11,
        "fullness": 0
      }
    },
    {
      "type": "Feature",
      "geometry": {
        "type": "Point",
        "coordinates": [
          -79.285031,
          43.786057
        ]
      },
      "properties": {
        "station_id": "8178",
        "name": "Agincourt GO Station",
        "capacity": 23,
        "bikes_available": 1,
        "docks_available": 21,
        "fullness": 0.0435
      }
    },
    {
      "type": "Feature",
      "geometry": {
        "type": "Point",
        "coordinates": [
          -79.249229,
          43.765738
        ]
      },
      "properties": {
        "station_id": "8179",
        "name": "McCowan Rd / Brimorton Dr",
        "capacity": 11,
        "bikes_available": 1,
        "docks_available": 10,
        "fullness": 0.0909
      }
    },
    {
      "type": "Feature",
      "geometry": {
        "type": "Point",
        "coordinates": [
          -79.421952,
          43.646401
        ]
      },
      "properties": {
        "station_id": "8180",
        "name": "Osler Playground (Argyle St)",
        "capacity": 15,
        "bikes_available": 8,
        "docks_available": 7,
        "fullness": 0.5333
      }
    },
    {
      "type": "Feature",
      "geometry": {
        "type": "Point",
        "coordinates": [
          -79.353304,
          43.644839
        ]
      },
      "properties": {
        "station_id": "8181",
        "name": "Commissioners St / Cherry St",
        "capacity": 31,
        "bikes_available": 1,
        "docks_available": 30,
        "fullness": 0.0323
      }
    },
    {
      "type": "Feature",
      "geometry": {
        "type": "Point",
        "coordinates": [
          -79.350049,
          43.646219
        ]
      },
      "properties": {
        "station_id": "8182",
        "name": "Biidaasige Park (11 Munition St)",
        "capacity": 23,
        "bikes_available": 4,
        "docks_available": 18,
        "fullness": 0.1739
      }
    },
    {
      "type": "Feature",
      "geometry": {
        "type": "Point",
        "coordinates": [
          -79.427268,
          43.639171
        ]
      },
      "properties": {
        "station_id": "8183",
        "name": "Dufferin St / King St W ",
        "capacity": 23,
        "bikes_available": 13,
        "docks_available": 9,
        "fullness": 0.5652
      }
    },
    {
      "type": "Feature",
      "geometry": {
        "type": "Point",
        "coordinates": [
          -79.445925,
          43.781334
        ]
      },
      "properties": {
        "station_id": "8184",
        "name": "Antibes Dr / Bathurst St",
        "capacity": 15,
        "bikes_available": 0,
        "docks_available": 13,
        "fullness": 0
      }
    },
    {
      "type": "Feature",
      "geometry": {
        "type": "Point",
        "coordinates": [
          -79.363733,
          43.713626
        ]
      },
      "properties": {
        "station_id": "8185",
        "name": "Laird Crosstown Station",
        "capacity": 11,
        "bikes_available": 1,
        "docks_available": 9,
        "fullness": 0.0909
      }
    },
    {
      "type": "Feature",
      "geometry": {
        "type": "Point",
        "coordinates": [
          -79.481807,
          43.650441
        ]
      },
      "properties": {
        "station_id": "8186",
        "name": "265 Willard Ave",
        "capacity": 15,
        "bikes_available": 1,
        "docks_available": 14,
        "fullness": 0.0667
      }
    },
    {
      "type": "Feature",
      "geometry": {
        "type": "Point",
        "coordinates": [
          -79.374901,
          43.672088
        ]
      },
      "properties": {
        "station_id": "8187",
        "name": "Glen Rd / Bloor St",
        "capacity": 15,
        "bikes_available": 14,
        "docks_available": 1,
        "fullness": 0.9333
      }
    },
    {
      "type": "Feature",
      "geometry": {
        "type": "Point",
        "coordinates": [
          -79.517484,
          43.701336
        ]
      },
      "properties": {
        "station_id": "8188",
        "name": "16 John St",
        "capacity": 23,
        "bikes_available": 4,
        "docks_available": 8,
        "fullness": 0.1739
      }
    },
    {
      "type": "Feature",
      "geometry": {
        "type": "Point",
        "coordinates": [
          -79.387494,
          43.667569
        ]
      },
      "properties": {
        "station_id": "8189",
        "name": "25 St. Mary St ",
        "capacity": 15,
        "bikes_available": 1,
        "docks_available": 14,
        "fullness": 0.0667
      }
    },
    {
      "type": "Feature",
      "geometry": {
        "type": "Point",
        "coordinates": [
          -79.314374,
          43.666692
        ]
      },
      "properties": {
        "station_id": "8190",
        "name": "1651 Queen St E",
        "capacity": 27,
        "bikes_available": 20,
        "docks_available": 7,
        "fullness": 0.7407
      }
    },
    {
      "type": "Feature",
      "geometry": {
        "type": "Point",
        "coordinates": [
          -79.314393,
          43.665674
        ]
      },
      "properties": {
        "station_id": "8191",
        "name": "1141 Eastern Ave",
        "capacity": 23,
        "bikes_available": 11,
        "docks_available": 10,
        "fullness": 0.4783
      }
    },
    {
      "type": "Feature",
      "geometry": {
        "type": "Point",
        "coordinates": [
          -79.443521,
          43.678447
        ]
      },
      "properties": {
        "station_id": "8193",
        "name": "7 Norton Ave",
        "capacity": 27,
        "bikes_available": 23,
        "docks_available": 1,
        "fullness": 0.8519
      }
    },
    {
      "type": "Feature",
      "geometry": {
        "type": "Point",
        "coordinates": [
          -79.412124,
          43.7044
        ]
      },
      "properties": {
        "station_id": "8194",
        "name": "125 Burnaby Blvd",
        "capacity": 23,
        "bikes_available": 20,
        "docks_available": 0,
        "fullness": 0.8696
      }
    },
    {
      "type": "Feature",
      "geometry": {
        "type": "Point",
        "coordinates": [
          -79.324482,
          43.682788
        ]
      },
      "properties": {
        "station_id": "8196",
        "name": "737 Rhodes Ave",
        "capacity": 19,
        "bikes_available": 16,
        "docks_available": 2,
        "fullness": 0.8421
      }
    },
    {
      "type": "Feature",
      "geometry": {
        "type": "Point",
        "coordinates": [
          -79.412378,
          43.77048
        ]
      },
      "properties": {
        "station_id": "8197",
        "name": "10 Kingsdale Ave",
        "capacity": 31,
        "bikes_available": 1,
        "docks_available": 1,
        "fullness": 0.0323
      }
    },
    {
      "type": "Feature",
      "geometry": {
        "type": "Point",
        "coordinates": [
          -79.249943,
          43.775225
        ]
      },
      "properties": {
        "station_id": "8198",
        "name": "100 Grangeway Ave ",
        "capacity": 39,
        "bikes_available": 24,
        "docks_available": 13,
        "fullness": 0.6154
      }
    },
    {
      "type": "Feature",
      "geometry": {
        "type": "Point",
        "coordinates": [
          -79.432948,
          43.660919
        ]
      },
      "properties": {
        "station_id": "8199",
        "name": "7 Bartlett Ave",
        "capacity": 23,
        "bikes_available": 20,
        "docks_available": 1,
        "fullness": 0.8696
      }
    },
    {
      "type": "Feature",
      "geometry": {
        "type": "Point",
        "coordinates": [
          -79.440429,
          43.640342
        ]
      },
      "properties": {
        "station_id": "8200",
        "name": "14 Fuller Ave",
        "capacity": 23,
        "bikes_available": 18,
        "docks_available": 2,
        "fullness": 0.7826
      }
    },
    {
      "type": "Feature",
      "geometry": {
        "type": "Point",
        "coordinates": [
          -79.252903,
          43.735217
        ]
      },
      "properties": {
        "station_id": "8201",
        "name": "Falmouth Ave / Eglinton Ave E",
        "capacity": 11,
        "bikes_available": 0,
        "docks_available": 11,
        "fullness": 0
      }
    },
    {
      "type": "Feature",
      "geometry": {
        "type": "Point",
        "coordinates": [
          -79.245315,
          43.781009
        ]
      },
      "properties": {
        "station_id": "8202",
        "name": "Corporate Dr / Lee Centre Dr",
        "capacity": 19,
        "bikes_available": 8,
        "docks_available": 8,
        "fullness": 0.4211
      }
    },
    {
      "type": "Feature",
      "geometry": {
        "type": "Point",
        "coordinates": [
          -79.22981,
          43.760466
        ]
      },
      "properties": {
        "station_id": "8203",
        "name": "Greenbrae Parkette",
        "capacity": 11,
        "bikes_available": 1,
        "docks_available": 9,
        "fullness": 0.0909
      }
    },
    {
      "type": "Feature",
      "geometry": {
        "type": "Point",
        "coordinates": [
          -79.229425,
          43.756854
        ]
      },
      "properties": {
        "station_id": "8204",
        "name": "Cedarbrae Mall",
        "capacity": 11,
        "bikes_available": 4,
        "docks_available": 7,
        "fullness": 0.3636
      }
    },
    {
      "type": "Feature",
      "geometry": {
        "type": "Point",
        "coordinates": [
          -79.221929,
          43.750777
        ]
      },
      "properties": {
        "station_id": "8205",
        "name": "Markham Rd / Blakemanor Blvd",
        "capacity": 15,
        "bikes_available": 1,
        "docks_available": 14,
        "fullness": 0.0667
      }
    },
    {
      "type": "Feature",
      "geometry": {
        "type": "Point",
        "coordinates": [
          -79.378675,
          43.65185
        ]
      },
      "properties": {
        "station_id": "8206",
        "name": "Richmond St E / Yonge St (2)",
        "capacity": 17,
        "bikes_available": 9,
        "docks_available": 8,
        "fullness": 0.5294
      }
    },
    {
      "type": "Feature",
      "geometry": {
        "type": "Point",
        "coordinates": [
          -79.242943,
          43.739541
        ]
      },
      "properties": {
        "station_id": "8207",
        "name": "45 Trudelle St",
        "capacity": 8,
        "bikes_available": 0,
        "docks_available": 8,
        "fullness": 0
      }
    },
    {
      "type": "Feature",
      "geometry": {
        "type": "Point",
        "coordinates": [
          -79.307179,
          43.736392
        ]
      },
      "properties": {
        "station_id": "8208",
        "name": "Surrey Ave / Victoria Park Ave",
        "capacity": 11,
        "bikes_available": 1,
        "docks_available": 10,
        "fullness": 0.0909
      }
    },
    {
      "type": "Feature",
      "geometry": {
        "type": "Point",
        "coordinates": [
          -79.257143,
          43.759282
        ]
      },
      "properties": {
        "station_id": "8209",
        "name": "Brimley Rd / Dorcot Ave",
        "capacity": 14,
        "bikes_available": 3,
        "docks_available": 11,
        "fullness": 0.2143
      }
    },
    {
      "type": "Feature",
      "geometry": {
        "type": "Point",
        "coordinates": [
          -79.209087,
          43.771483
        ]
      },
      "properties": {
        "station_id": "8210",
        "name": "Brimorton Dr / Orton Park Rd",
        "capacity": 11,
        "bikes_available": 1,
        "docks_available": 10,
        "fullness": 0.0909
      }
    },
    {
      "type": "Feature",
      "geometry": {
        "type": "Point",
        "coordinates": [
          -79.205383,
          43.749521
        ]
      },
      "properties": {
        "station_id": "8211",
        "name": "Guildwood Pkwy / Kingston Rd",
        "capacity": 11,
        "bikes_available": 0,
        "docks_available": 11,
        "fullness": 0
      }
    },
    {
      "type": "Feature",
      "geometry": {
        "type": "Point",
        "coordinates": [
          -79.440758,
          43.659363
        ]
      },
      "properties": {
        "station_id": "8212",
        "name": "9 Emerson Ave",
        "capacity": 25,
        "bikes_available": 15,
        "docks_available": 7,
        "fullness": 0.6
      }
    },
    {
      "type": "Feature",
      "geometry": {
        "type": "Point",
        "coordinates": [
          -79.38298,
          43.66086
        ]
      },
      "properties": {
        "station_id": "8213",
        "name": "Yonge St / College St",
        "capacity": 17,
        "bikes_available": 4,
        "docks_available": 13,
        "fullness": 0.2353
      }
    },
    {
      "type": "Feature",
      "geometry": {
        "type": "Point",
        "coordinates": [
          -79.446404,
          43.666364
        ]
      },
      "properties": {
        "station_id": "8214",
        "name": "Lansdowne Ave / Dupont St",
        "capacity": 11,
        "bikes_available": 4,
        "docks_available": 4,
        "fullness": 0.3636
      }
    },
    {
      "type": "Feature",
      "geometry": {
        "type": "Point",
        "coordinates": [
          -79.390868,
          43.654501
        ]
      },
      "properties": {
        "station_id": "8215",
        "name": "Dundas St W / McCaul St",
        "capacity": 17,
        "bikes_available": 9,
        "docks_available": 7,
        "fullness": 0.5294
      }
    },
    {
      "type": "Feature",
      "geometry": {
        "type": "Point",
        "coordinates": [
          -79.435611,
          43.674139
        ]
      },
      "properties": {
        "station_id": "8216",
        "name": "Davenport Rd / Dovercourt Rd",
        "capacity": 14,
        "bikes_available": 1,
        "docks_available": 13,
        "fullness": 0.0714
      }
    },
    {
      "type": "Feature",
      "geometry": {
        "type": "Point",
        "coordinates": [
          -79.344278,
          43.736889
        ]
      },
      "properties": {
        "station_id": "8217",
        "name": "Lawrence Ave E / Don Mills Rd ",
        "capacity": 14,
        "bikes_available": 1,
        "docks_available": 9,
        "fullness": 0.0714
      }
    },
    {
      "type": "Feature",
      "geometry": {
        "type": "Point",
        "coordinates": [
          -79.376777,
          43.768719
        ]
      },
      "properties": {
        "station_id": "8218",
        "name": "Bessarion Rd / Sheppard Ave E",
        "capacity": 11,
        "bikes_available": 0,
        "docks_available": 7,
        "fullness": 0
      }
    },
    {
      "type": "Feature",
      "geometry": {
        "type": "Point",
        "coordinates": [
          -79.265987,
          43.732476
        ]
      },
      "properties": {
        "station_id": "8219",
        "name": "Kennedy Station",
        "capacity": 19,
        "bikes_available": 0,
        "docks_available": 19,
        "fullness": 0
      }
    },
    {
      "type": "Feature",
      "geometry": {
        "type": "Point",
        "coordinates": [
          -79.17571,
          43.768849
        ]
      },
      "properties": {
        "station_id": "8220",
        "name": "Heron Park Community Centre",
        "capacity": 11,
        "bikes_available": 1,
        "docks_available": 10,
        "fullness": 0.0909
      }
    },
    {
      "type": "Feature",
      "geometry": {
        "type": "Point",
        "coordinates": [
          -79.182878,
          43.768912
        ]
      },
      "properties": {
        "station_id": "8221",
        "name": "Ling Rd / Lawrence Ave E",
        "capacity": 11,
        "bikes_available": 3,
        "docks_available": 8,
        "fullness": 0.2727
      }
    },
    {
      "type": "Feature",
      "geometry": {
        "type": "Point",
        "coordinates": [
          -79.39674,
          43.643467
        ]
      },
      "properties": {
        "station_id": "8224",
        "name": "439 Wellington St W",
        "capacity": 19,
        "bikes_available": 7,
        "docks_available": 10,
        "fullness": 0.3684
      }
    },
    {
      "type": "Feature",
      "geometry": {
        "type": "Point",
        "coordinates": [
          -79.212934,
          43.780934
        ]
      },
      "properties": {
        "station_id": "8225",
        "name": "Ellesmere Rd / Highland Creek Trail",
        "capacity": 11,
        "bikes_available": 0,
        "docks_available": 11,
        "fullness": 0
      }
    },
    {
      "type": "Feature",
      "geometry": {
        "type": "Point",
        "coordinates": [
          -79.309358,
          43.710353
        ]
      },
      "properties": {
        "station_id": "8226",
        "name": "O'Connor Dr / Dohme Ave",
        "capacity": 15,
        "bikes_available": 0,
        "docks_available": 15,
        "fullness": 0
      }
    },
    {
      "type": "Feature",
      "geometry": {
        "type": "Point",
        "coordinates": [
          -79.473413,
          43.686644
        ]
      },
      "properties": {
        "station_id": "8227",
        "name": "Keele St / Ewart Ave",
        "capacity": 11,
        "bikes_available": 4,
        "docks_available": 7,
        "fullness": 0.3636
      }
    },
    {
      "type": "Feature",
      "geometry": {
        "type": "Point",
        "coordinates": [
          -79.376328,
          43.615142
        ]
      },
      "properties": {
        "station_id": "8228",
        "name": "Centre Island Beach",
        "capacity": 39,
        "bikes_available": 19,
        "docks_available": 20,
        "fullness": 0.4872
      }
    },
    {
      "type": "Feature",
      "geometry": {
        "type": "Point",
        "coordinates": [
          -79.389205,
          43.615699
        ]
      },
      "properties": {
        "station_id": "8229",
        "name": "Hanlan's Point Beach (Entrance 5)",
        "capacity": 35,
        "bikes_available": 9,
        "docks_available": 26,
        "fullness": 0.2571
      }
    },
    {
      "type": "Feature",
      "geometry": {
        "type": "Point",
        "coordinates": [
          -79.362284,
          43.644767
        ]
      },
      "properties": {
        "station_id": "8230",
        "name": "Aitken Place Park",
        "capacity": 39,
        "bikes_available": 23,
        "docks_available": 16,
        "fullness": 0.5897
      }
    },
    {
      "type": "Feature",
      "geometry": {
        "type": "Point",
        "coordinates": [
          -79.404882,
          43.637611
        ]
      },
      "properties": {
        "station_id": "8231",
        "name": "Fort York Blvd / Angelique St (North Side)",
        "capacity": 19,
        "bikes_available": 18,
        "docks_available": 1,
        "fullness": 0.9474
      }
    },
    {
      "type": "Feature",
      "geometry": {
        "type": "Point",
        "coordinates": [
          -79.401824,
          43.6382
        ]
      },
      "properties": {
        "station_id": "8232",
        "name": "Fort York Blvd/ Iannuzzi St",
        "capacity": 23,
        "bikes_available": 16,
        "docks_available": 6,
        "fullness": 0.6957
      }
    },
    {
      "type": "Feature",
      "geometry": {
        "type": "Point",
        "coordinates": [
          -79.485265,
          43.687908
        ]
      },
      "properties": {
        "station_id": "8234",
        "name": "Mount Dennis Station",
        "capacity": 19,
        "bikes_available": 0,
        "docks_available": 15,
        "fullness": 0
      }
    },
    {
      "type": "Feature",
      "geometry": {
        "type": "Point",
        "coordinates": [
          -79.428262,
          43.670277
        ]
      },
      "properties": {
        "station_id": "8235",
        "name": "Dupont St / Ossington Ave",
        "capacity": 15,
        "bikes_available": 1,
        "docks_available": 12,
        "fullness": 0.0667
      }
    },
    {
      "type": "Feature",
      "geometry": {
        "type": "Point",
        "coordinates": [
          -79.355632,
          43.652882
        ]
      },
      "properties": {
        "station_id": "8236",
        "name": "Rolling Mill Rd / Front St E",
        "capacity": 15,
        "bikes_available": 12,
        "docks_available": 3,
        "fullness": 0.8
      }
    },
    {
      "type": "Feature",
      "geometry": {
        "type": "Point",
        "coordinates": [
          -79.376555,
          43.649506
        ]
      },
      "properties": {
        "station_id": "8237",
        "name": "King St E / Victoria St (2)",
        "capacity": 23,
        "bikes_available": 12,
        "docks_available": 11,
        "fullness": 0.5217
      }
    },
    {
      "type": "Feature",
      "geometry": {
        "type": "Point",
        "coordinates": [
          -79.411029,
          43.720249
        ]
      },
      "properties": {
        "station_id": "8238",
        "name": "Rosewell Ave / Cheritan Ave",
        "capacity": 15,
        "bikes_available": 1,
        "docks_available": 14,
        "fullness": 0.0667
      }
    },
    {
      "type": "Feature",
      "geometry": {
        "type": "Point",
        "coordinates": [
          -79.45427,
          43.710831
        ]
      },
      "properties": {
        "station_id": "8239",
        "name": "Playfair Ave / Dufferin St",
        "capacity": 11,
        "bikes_available": 0,
        "docks_available": 11,
        "fullness": 0
      }
    },
    {
      "type": "Feature",
      "geometry": {
        "type": "Point",
        "coordinates": [
          -79.449651,
          43.70044
        ]
      },
      "properties": {
        "station_id": "8240",
        "name": "Castlefield Ave / Roselawn Ave",
        "capacity": 15,
        "bikes_available": 1,
        "docks_available": 14,
        "fullness": 0.0667
      }
    },
    {
      "type": "Feature",
      "geometry": {
        "type": "Point",
        "coordinates": [
          -79.453814,
          43.668154
        ]
      },
      "properties": {
        "station_id": "8241",
        "name": "Kingsley Ave / Perth Ave",
        "capacity": 15,
        "bikes_available": 0,
        "docks_available": 15,
        "fullness": 0
      }
    },
    {
      "type": "Feature",
      "geometry": {
        "type": "Point",
        "coordinates": [
          -79.349925,
          43.71746
        ]
      },
      "properties": {
        "station_id": "8242",
        "name": "Leslie St / Eglinton Ave E",
        "capacity": 19,
        "bikes_available": 0,
        "docks_available": 15,
        "fullness": 0
      }
    },
    {
      "type": "Feature",
      "geometry": {
        "type": "Point",
        "coordinates": [
          -79.329994,
          43.712057
        ]
      },
      "properties": {
        "station_id": "8243",
        "name": "Grenoble Dr / Gateway Blvd (South)",
        "capacity": 17,
        "bikes_available": 0,
        "docks_available": 17,
        "fullness": 0
      }
    },
    {
      "type": "Feature",
      "geometry": {
        "type": "Point",
        "coordinates": [
          -79.389575,
          43.698108
        ]
      },
      "properties": {
        "station_id": "8245",
        "name": "Pailton Cres / Merton St",
        "capacity": 19,
        "bikes_available": 5,
        "docks_available": 14,
        "fullness": 0.2632
      }
    },
    {
      "type": "Feature",
      "geometry": {
        "type": "Point",
        "coordinates": [
          -79.421109,
          43.686207
        ]
      },
      "properties": {
        "station_id": "8246",
        "name": "Maplewood Ave / Raglan Ave",
        "capacity": 11,
        "bikes_available": 3,
        "docks_available": 8,
        "fullness": 0.2727
      }
    },
    {
      "type": "Feature",
      "geometry": {
        "type": "Point",
        "coordinates": [
          -79.402549,
          43.689001
        ]
      },
      "properties": {
        "station_id": "8247",
        "name": "Avenue Rd / Heath St W",
        "capacity": 15,
        "bikes_available": 0,
        "docks_available": 15,
        "fullness": 0
      }
    },
    {
      "type": "Feature",
      "geometry": {
        "type": "Point",
        "coordinates": [
          -79.402866,
          43.690523
        ]
      },
      "properties": {
        "station_id": "8248",
        "name": "Avenue Rd / Lonsdale Rd",
        "capacity": 11,
        "bikes_available": 2,
        "docks_available": 8,
        "fullness": 0.1818
      }
    },
    {
      "type": "Feature",
      "geometry": {
        "type": "Point",
        "coordinates": [
          -79.457662,
          43.725741
        ]
      },
      "properties": {
        "station_id": "8249",
        "name": "5 York Garden Way",
        "capacity": 15,
        "bikes_available": 0,
        "docks_available": 13,
        "fullness": 0
      }
    },
    {
      "type": "Feature",
      "geometry": {
        "type": "Point",
        "coordinates": [
          -79.431016,
          43.70003
        ]
      },
      "properties": {
        "station_id": "8250",
        "name": "Old Park Rd / Eglinton Ave W",
        "capacity": 11,
        "bikes_available": 0,
        "docks_available": 11,
        "fullness": 0
      }
    },
    {
      "type": "Feature",
      "geometry": {
        "type": "Point",
        "coordinates": [
          -79.383722,
          43.646027
        ]
      },
      "properties": {
        "station_id": "8251",
        "name": "University Ave / Heenan Pl",
        "capacity": 17,
        "bikes_available": 5,
        "docks_available": 11,
        "fullness": 0.2941
      }
    },
    {
      "type": "Feature",
      "geometry": {
        "type": "Point",
        "coordinates": [
          -79.402987,
          43.697533
        ]
      },
      "properties": {
        "station_id": "8252",
        "name": "Oriole Pkwy / Frobisher Ave",
        "capacity": 15,
        "bikes_available": 0,
        "docks_available": 15,
        "fullness": 0
      }
    },
    {
      "type": "Feature",
      "geometry": {
        "type": "Point",
        "coordinates": [
          -79.354706,
          43.645865
        ]
      },
      "properties": {
        "station_id": "8253",
        "name": "Biidaasige Park West",
        "capacity": 19,
        "bikes_available": 0,
        "docks_available": 19,
        "fullness": 0
      }
    },
    {
      "type": "Feature",
      "geometry": {
        "type": "Point",
        "coordinates": [
          -79.35314,
          43.644187
        ]
      },
      "properties": {
        "station_id": "8254",
        "name": "Cherry St / Commissioners St",
        "capacity": 14,
        "bikes_available": 1,
        "docks_available": 11,
        "fullness": 0.0714
      }
    },
    {
      "type": "Feature",
      "geometry": {
        "type": "Point",
        "coordinates": [
          -79.411471,
          43.675161
        ]
      },
      "properties": {
        "station_id": "8255",
        "name": "Dartnell Ave / Bridgman Ave",
        "capacity": 15,
        "bikes_available": 1,
        "docks_available": 14,
        "fullness": 0.0667
      }
    },
    {
      "type": "Feature",
      "geometry": {
        "type": "Point",
        "coordinates": [
          -79.401052,
          43.722113
        ]
      },
      "properties": {
        "station_id": "8257",
        "name": "St. Edmunds Dr / Yonge St",
        "capacity": 17,
        "bikes_available": 1,
        "docks_available": 14,
        "fullness": 0.0588
      }
    },
    {
      "type": "Feature",
      "geometry": {
        "type": "Point",
        "coordinates": [
          -79.36114,
          43.705248
        ]
      },
      "properties": {
        "station_id": "8258",
        "name": "Esandar Dr / Laird Dr",
        "capacity": 0,
        "bikes_available": 0,
        "docks_available": 0,
        "fullness": null
      }
    },
    {
      "type": "Feature",
      "geometry": {
        "type": "Point",
        "coordinates": [
          -79.354136,
          43.713846
        ]
      },
      "properties": {
        "station_id": "8259",
        "name": "Leonard Linton Park (Vanderhoof Ave)",
        "capacity": 7,
        "bikes_available": 1,
        "docks_available": 6,
        "fullness": 0.1429
      }
    },
    {
      "type": "Feature",
      "geometry": {
        "type": "Point",
        "coordinates": [
          -79.392976,
          43.637322
        ]
      },
      "properties": {
        "station_id": "8260",
        "name": "Toronto Music Garden",
        "capacity": 35,
        "bikes_available": 34,
        "docks_available": 1,
        "fullness": 0.9714
      }
    },
    {
      "type": "Feature",
      "geometry": {
        "type": "Point",
        "coordinates": [
          -79.370155,
          43.697122
        ]
      },
      "properties": {
        "station_id": "8261",
        "name": "Moore Ave / Pottery Rd",
        "capacity": 15,
        "bikes_available": 11,
        "docks_available": 4,
        "fullness": 0.7333
      }
    },
    {
      "type": "Feature",
      "geometry": {
        "type": "Point",
        "coordinates": [
          -79.355658,
          43.651669
        ]
      },
      "properties": {
        "station_id": "8262",
        "name": "Mill St / Rolling Mills Rd",
        "capacity": 39,
        "bikes_available": 35,
        "docks_available": 3,
        "fullness": 0.8974
      }
    },
    {
      "type": "Feature",
      "geometry": {
        "type": "Point",
        "coordinates": [
          -79.231623,
          43.784208
        ]
      },
      "properties": {
        "station_id": "8263",
        "name": "Centennial College (Progress Campus)",
        "capacity": 23,
        "bikes_available": 1,
        "docks_available": 21,
        "fullness": 0.0435
      }
    }
  ]
}
